Area Code,Area,Region,Year,ALL PUPILS AT END OF KS4 ACHIEVING 5+ A*-C INCLUDING ENGLISH AND MATHS,EMPLOYMENT RATE (AGED 16-64),HOUSEHOLD WASTE RECYCLING RATE,MEAN INCOME OF TAXPAYERS (£),MEDIAN HOUSE PRICE (£),MEDIAN INCOME OF TAXPAYERS (£)
E09000001,City of London,Inner,2004,,,,,280000.0,
E09000001,City of London,Inner,2005,,77.7,,,310000.0,
E09000001,City of London,Inner,2006,,58.7,,,341000.0,
E09000001,City of London,Inner,2007,,88.9,,,417500.0,
E09000001,City of London,Inner,2008,,87.1,,,366250.0,
E09000001,City of London,Inner,2009,,63.3,,,400000.0,
E09000001,City of London,Inner,2010,,45.4,,,450000.0,
E09000001,City of London,Inner,2011,,,,,465000.0,
E09000001,City of London,Inner,2012,,,,,485000.0,
E09000001,City of London,Inner,2013,,,,,615000.0,
E09000001,City of London,Inner,2014,,,,,769100.0,
E09000001,City of London,Inner,2015,,64.4,,,799999.5,
E09000001,City of London,Inner,2016,,79.4,,,833200.0,
E09000001,City of London,Inner,2017,,65.0,,,844975.0,
E09000001,City of London,Inner,2018,,76.0,,,923080.0,
E09000001,City of London,Inner,2019,,87.2,,,,
E09000001,City of London,Inner,2003,,,8.0,85800.0,,39200.0
E09000001,City of London,Inner,2004,,,14.0,95600.0,,44400.0
E09000001,City of London,Inner,2005,,,18.1,90600.0,,49300.0
E09000001,City of London,Inner,2006,37.5,,,,,
E09000001,City of London,Inner,2006,,,28.19,99200.0,,49000.0
E09000001,City of London,Inner,2007,60.0,,,,,
E09000001,City of London,Inner,2007,,,33.393,102000.0,,58500.0
E09000001,City of London,Inner,2008,53.3,,,,,
E09000001,City of London,Inner,2008,,,34.1917232232026,,,
E09000001,City of London,Inner,2009,,,35.18622092362208,137000.0,,61900.0
E09000001,City of London,Inner,2010,,,39.03167820290622,127000.0,,61300.0
E09000001,City of London,Inner,2011,,,36.86432460472994,117000.0,,51600.0
E09000001,City of London,Inner,2012,,,36.410002488833,131000.0,,58300.0
E09000001,City of London,Inner,2013,,,38.80153384514708,151000.0,,65300.0
E09000001,City of London,Inner,2014,,,34.4,144000.0,,61100.0
E09000001,City of London,Inner,2015,,,30.767938942677564,142000.0,,60000.0
E09000001,City of London,Inner,2016,,,28.499999999999996,157000.0,,57300.0
E09000001,City of London,Inner,2017,,,29.2365998917163,148000.0,,60000.0
E09000001,City of London,Inner,2018,,,29.9,,,
E09000002,Barking and Dagenham,Outer,2004,,,,,160000.0,
E09000002,Barking and Dagenham,Outer,2005,,62.3,,,163000.0,
E09000002,Barking and Dagenham,Outer,2006,,62.2,,,168000.0,
E09000002,Barking and Dagenham,Outer,2007,,66.0,,,185000.0,
E09000002,Barking and Dagenham,Outer,2008,,64.7,,,190000.0,
E09000002,Barking and Dagenham,Outer,2009,,62.4,,,160000.0,
E09000002,Barking and Dagenham,Outer,2010,,62.5,,,170000.0,
E09000002,Barking and Dagenham,Outer,2011,,62.0,,,170000.0,
E09000002,Barking and Dagenham,Outer,2012,,61.9,,,174000.0,
E09000002,Barking and Dagenham,Outer,2013,,64.2,,,180995.0,
E09000002,Barking and Dagenham,Outer,2014,,63.7,,,215000.0,
E09000002,Barking and Dagenham,Outer,2015,,66.0,,,245500.0,
E09000002,Barking and Dagenham,Outer,2016,,67.2,,,290000.0,
E09000002,Barking and Dagenham,Outer,2017,,68.2,,,300000.0,
E09000002,Barking and Dagenham,Outer,2018,,68.9,,,310000.0,
E09000002,Barking and Dagenham,Outer,2019,,69.8,,,,
E09000002,Barking and Dagenham,Outer,2003,,,5.0,18800.0,,17400.0
E09000002,Barking and Dagenham,Outer,2004,,,14.0,19400.0,,16600.0
E09000002,Barking and Dagenham,Outer,2005,,,16.6,20600.0,,17900.0
E09000002,Barking and Dagenham,Outer,2006,40.4,,,,,
E09000002,Barking and Dagenham,Outer,2006,,,21.08,20600.0,,17600.0
E09000002,Barking and Dagenham,Outer,2007,41.4,,,,,
E09000002,Barking and Dagenham,Outer,2007,,,20.4078,21300.0,,18600.0
E09000002,Barking and Dagenham,Outer,2008,45.5,,,,,
E09000002,Barking and Dagenham,Outer,2008,,,24.913441697654605,,,
E09000002,Barking and Dagenham,Outer,2009,51.6,,,,,
E09000002,Barking and Dagenham,Outer,2009,,,32.749925156272006,23100.0,,19400.0
E09000002,Barking and Dagenham,Outer,2010,57.2,,,,,
E09000002,Barking and Dagenham,Outer,2010,,,28.227473458102885,22500.0,,19400.0
E09000002,Barking and Dagenham,Outer,2011,58.6,,,,,
E09000002,Barking and Dagenham,Outer,2011,,,29.967048488571535,22800.0,,19600.0
E09000002,Barking and Dagenham,Outer,2012,60.2,,,,,
E09000002,Barking and Dagenham,Outer,2012,,,26.84472567988546,23700.0,,20100.0
E09000002,Barking and Dagenham,Outer,2013,58.2,,,,,
E09000002,Barking and Dagenham,Outer,2013,,,24.80342105203474,24600.0,,21000.0
E09000002,Barking and Dagenham,Outer,2014,54.0,,,,,
E09000002,Barking and Dagenham,Outer,2014,,,23.400000000000002,25500.0,,21800.0
E09000002,Barking and Dagenham,Outer,2015,,,18.88135328006406,25900.0,,22100.0
E09000002,Barking and Dagenham,Outer,2016,,,25.3,26700.0,,23300.0
E09000002,Barking and Dagenham,Outer,2017,,,25.046448413397645,27400.0,,23900.0
E09000002,Barking and Dagenham,Outer,2018,,,23.7,,,
E09000003,Barnet,Outer,2004,,,,,249950.0,
E09000003,Barnet,Outer,2005,,69.8,,,250000.0,
E09000003,Barnet,Outer,2006,,68.7,,,273000.0,
E09000003,Barnet,Outer,2007,,69.3,,,295000.0,
E09000003,Barnet,Outer,2008,,67.3,,,280000.0,
E09000003,Barnet,Outer,2009,,67.0,,,290000.0,
E09000003,Barnet,Outer,2010,,70.4,,,325000.0,
E09000003,Barnet,Outer,2011,,69.2,,,325000.0,
E09000003,Barnet,Outer,2012,,66.5,,,330000.0,
E09000003,Barnet,Outer,2013,,72.3,,,345000.0,
E09000003,Barnet,Outer,2014,,70.4,,,400000.0,
E09000003,Barnet,Outer,2015,,68.8,,,450000.0,
E09000003,Barnet,Outer,2016,,69.9,,,477450.0,
E09000003,Barnet,Outer,2017,,74.6,,,530000.0,
E09000003,Barnet,Outer,2018,,72.1,,,505450.0,
E09000003,Barnet,Outer,2019,,73.9,,,,
E09000003,Barnet,Outer,2003,,,16.0,33900.0,,20000.0
E09000003,Barnet,Outer,2004,,,20.0,32800.0,,19900.0
E09000003,Barnet,Outer,2005,,,27.47,35600.0,,21200.0
E09000003,Barnet,Outer,2006,59.9,,,,,
E09000003,Barnet,Outer,2006,,,29.47,36700.0,,20400.0
E09000003,Barnet,Outer,2007,61.7,,,,,
E09000003,Barnet,Outer,2007,,,30.680600000000002,38700.0,,22000.0
E09000003,Barnet,Outer,2008,62.4,,,,,
E09000003,Barnet,Outer,2008,,,31.18364679777074,,,
E09000003,Barnet,Outer,2009,67.3,,,,,
E09000003,Barnet,Outer,2009,,,33.073167190024144,41600.0,,24300.0
E09000003,Barnet,Outer,2010,68.8,,,,,
E09000003,Barnet,Outer,2010,,,32.77480747202933,38800.0,,24100.0
E09000003,Barnet,Outer,2011,69.2,,,,,
E09000003,Barnet,Outer,2011,,,33.580781309772625,39200.0,,24200.0
E09000003,Barnet,Outer,2012,71.5,,,,,
E09000003,Barnet,Outer,2012,,,33.02972912410425,41000.0,,25800.0
E09000003,Barnet,Outer,2013,67.5,,,,,
E09000003,Barnet,Outer,2013,,,36.350307459856005,45500.0,,26800.0
E09000003,Barnet,Outer,2014,70.1,,,,,
E09000003,Barnet,Outer,2014,,,38.0,45800.0,,27100.0
E09000003,Barnet,Outer,2015,,,36.837781656853636,49000.0,,27700.0
E09000003,Barnet,Outer,2016,,,37.4,48600.0,,28800.0
E09000003,Barnet,Outer,2017,,,36.92820746671037,49500.0,,28700.0
E09000003,Barnet,Outer,2018,,,34.599999999999994,,,
E09000004,Bexley,Outer,2004,,,,,175000.0,
E09000004,Bexley,Outer,2005,,76.4,,,183000.0,
E09000004,Bexley,Outer,2006,,75.2,,,195000.0,
E09000004,Bexley,Outer,2007,,73.9,,,212000.0,
E09000004,Bexley,Outer,2008,,72.1,,,210000.0,
E09000004,Bexley,Outer,2009,,69.4,,,196000.0,
E09000004,Bexley,Outer,2010,,70.4,,,215000.0,
E09000004,Bexley,Outer,2011,,70.9,,,215000.0,
E09000004,Bexley,Outer,2012,,73.6,,,210000.0,
E09000004,Bexley,Outer,2013,,73.2,,,225000.0,
E09000004,Bexley,Outer,2014,,75.4,,,250000.0,
E09000004,Bexley,Outer,2015,,75.2,,,285000.0,
E09000004,Bexley,Outer,2016,,78.2,,,327500.0,
E09000004,Bexley,Outer,2017,,75.4,,,340000.0,
E09000004,Bexley,Outer,2018,,76.4,,,350000.0,
E09000004,Bexley,Outer,2019,,75.6,,,,
E09000004,Bexley,Outer,2003,,,21.0,21900.0,,17700.0
E09000004,Bexley,Outer,2004,,,30.0,22300.0,,17700.0
E09000004,Bexley,Outer,2005,,,37.71,24000.0,,19400.0
E09000004,Bexley,Outer,2006,50.5,,,,,
E09000004,Bexley,Outer,2006,,,40.0,24600.0,,19600.0
E09000004,Bexley,Outer,2007,51.0,,,,,
E09000004,Bexley,Outer,2007,,,41.6449,26700.0,,19800.0
E09000004,Bexley,Outer,2008,56.8,,,,,
E09000004,Bexley,Outer,2008,,,50.64722469961793,,,
E09000004,Bexley,Outer,2009,59.8,,,,,
E09000004,Bexley,Outer,2009,,,50.70199814319412,27600.0,,22100.0
E09000004,Bexley,Outer,2010,63.3,,,,,
E09000004,Bexley,Outer,2010,,,50.97094568218653,27400.0,,22600.0
E09000004,Bexley,Outer,2011,64.9,,,,,
E09000004,Bexley,Outer,2011,,,53.4937071151006,28300.0,,22300.0
E09000004,Bexley,Outer,2012,66.0,,,,,
E09000004,Bexley,Outer,2012,,,54.29919043664137,28600.0,,23100.0
E09000004,Bexley,Outer,2013,60.3,,,,,
E09000004,Bexley,Outer,2013,,,55.21000105523891,29600.0,,24400.0
E09000004,Bexley,Outer,2014,55.0,,,,,
E09000004,Bexley,Outer,2014,,,54.0,30200.0,,24400.0
E09000004,Bexley,Outer,2015,,,51.99822358381614,30900.0,,24500.0
E09000004,Bexley,Outer,2016,,,52.7,32300.0,,26100.0
E09000004,Bexley,Outer,2017,,,52.06199749319801,33500.0,,26900.0
E09000004,Bexley,Outer,2018,,,54.1,,,
E09000005,Brent,Outer,2004,,,,,225000.0,
E09000005,Brent,Outer,2005,,65.3,,,240000.0,
E09000005,Brent,Outer,2006,,63.9,,,249950.0,
E09000005,Brent,Outer,2007,,68.4,,,280000.0,
E09000005,Brent,Outer,2008,,70.5,,,275000.0,
E09000005,Brent,Outer,2009,,68.8,,,275000.0,
E09000005,Brent,Outer,2010,,64.2,,,285000.0,
E09000005,Brent,Outer,2011,,60.6,,,300000.0,
E09000005,Brent,Outer,2012,,66.6,,,322500.0,
E09000005,Brent,Outer,2013,,67.1,,,347500.0,
E09000005,Brent,Outer,2014,,68.2,,,385000.0,
E09000005,Brent,Outer,2015,,69.5,,,415000.0,
E09000005,Brent,Outer,2016,,69.3,,,445000.0,
E09000005,Brent,Outer,2017,,68.8,,,497500.0,
E09000005,Brent,Outer,2018,,71.5,,,495000.0,
E09000005,Brent,Outer,2019,,72.8,,,,
E09000005,Brent,Outer,2003,,,10.0,22500.0,,16800.0
E09000005,Brent,Outer,2004,,,14.0,21800.0,,16500.0
E09000005,Brent,Outer,2005,,,20.01,23200.0,,17600.0
E09000005,Brent,Outer,2006,49.9,,,,,
E09000005,Brent,Outer,2006,,,21.52,24600.0,,18200.0
E09000005,Brent,Outer,2007,53.6,,,,,
E09000005,Brent,Outer,2007,,,20.9755,24700.0,,18300.0
E09000005,Brent,Outer,2008,55.2,,,,,
E09000005,Brent,Outer,2008,,,28.207437567162412,,,
E09000005,Brent,Outer,2009,60.1,,,,,
E09000005,Brent,Outer,2009,,,28.691764667445963,26100.0,,19600.0
E09000005,Brent,Outer,2010,62.1,,,,,
E09000005,Brent,Outer,2010,,,33.410587854562365,26700.0,,19700.0
E09000005,Brent,Outer,2011,58.7,,,,,
E09000005,Brent,Outer,2011,,,36.757273401037025,27400.0,,20200.0
E09000005,Brent,Outer,2012,62.9,,,,,
E09000005,Brent,Outer,2012,,,42.502548590684015,28300.0,,20600.0
E09000005,Brent,Outer,2013,60.0,,,,,
E09000005,Brent,Outer,2013,,,40.80861227629694,29700.0,,21300.0
E09000005,Brent,Outer,2014,60.0,,,,,
E09000005,Brent,Outer,2014,,,35.199999999999996,31200.0,,22700.0
E09000005,Brent,Outer,2015,,,35.75441764907426,32600.0,,23200.0
E09000005,Brent,Outer,2016,,,36.4,34100.0,,24100.0
E09000005,Brent,Outer,2017,,,36.53475665504835,35400.0,,24700.0
E09000005,Brent,Outer,2018,,,36.6,,,
E09000006,Bromley,Outer,2004,,,,,225000.0,
E09000006,Bromley,Outer,2005,,80.0,,,230000.0,
E09000006,Bromley,Outer,2006,,75.8,,,242500.0,
E09000006,Bromley,Outer,2007,,79.5,,,260000.0,
E09000006,Bromley,Outer,2008,,78.1,,,250000.0,
E09000006,Bromley,Outer,2009,,75.6,,,249000.0,
E09000006,Bromley,Outer,2010,,72.7,,,275000.0,
E09000006,Bromley,Outer,2011,,73.7,,,275000.0,
E09000006,Bromley,Outer,2012,,74.4,,,277500.0,
E09000006,Bromley,Outer,2013,,75.7,,,295000.0,
E09000006,Bromley,Outer,2014,,75.1,,,335000.0,
E09000006,Bromley,Outer,2015,,75.6,,,375000.0,
E09000006,Bromley,Outer,2016,,77.4,,,420000.0,
E09000006,Bromley,Outer,2017,,78.1,,,439000.0,
E09000006,Bromley,Outer,2018,,77.3,,,438000.0,
E09000006,Bromley,Outer,2019,,79.3,,,,
E09000006,Bromley,Outer,2003,,,20.0,29200.0,,21400.0
E09000006,Bromley,Outer,2004,,,23.0,29200.0,,20900.0
E09000006,Bromley,Outer,2005,,,27.25,31400.0,,22400.0
E09000006,Bromley,Outer,2006,58.2,,,,,
E09000006,Bromley,Outer,2006,,,31.85,32800.0,,23000.0
E09000006,Bromley,Outer,2007,62.7,,,,,
E09000006,Bromley,Outer,2007,,,34.4573,34400.0,,23200.0
E09000006,Bromley,Outer,2008,64.9,,,,,
E09000006,Bromley,Outer,2008,,,36.35874413058728,,,
E09000006,Bromley,Outer,2009,65.1,,,,,
E09000006,Bromley,Outer,2009,,,40.19858061819217,36500.0,,24900.0
E09000006,Bromley,Outer,2010,67.2,,,,,
E09000006,Bromley,Outer,2010,,,44.27910031809188,35900.0,,25800.0
E09000006,Bromley,Outer,2011,68.9,,,,,
E09000006,Bromley,Outer,2011,,,49.93186678199441,36400.0,,25100.0
E09000006,Bromley,Outer,2012,73.9,,,,,
E09000006,Bromley,Outer,2012,,,49.0687481445017,37200.0,,26900.0
E09000006,Bromley,Outer,2013,65.6,,,,,
E09000006,Bromley,Outer,2013,,,49.631050710626006,39000.0,,27200.0
E09000006,Bromley,Outer,2014,68.0,,,,,
E09000006,Bromley,Outer,2014,,,48.0,40400.0,,28100.0
E09000006,Bromley,Outer,2015,,,46.26921552325064,43500.0,,29800.0
E09000006,Bromley,Outer,2016,,,46.9,44000.0,,30400.0
E09000006,Bromley,Outer,2017,,,49.98775951796192,45500.0,,32000.0
E09000006,Bromley,Outer,2018,,,50.1,,,
E09000007,Camden,Inner,2004,,,,,308250.0,
E09000007,Camden,Inner,2005,,64.4,,,325000.0,
E09000007,Camden,Inner,2006,,66.0,,,358000.0,
E09000007,Camden,Inner,2007,,67.1,,,410000.0,
E09000007,Camden,Inner,2008,,67.7,,,439975.0,
E09000007,Camden,Inner,2009,,65.2,,,417500.0,
E09000007,Camden,Inner,2010,,66.2,,,479950.0,
E09000007,Camden,Inner,2011,,61.4,,,485000.0,
E09000007,Camden,Inner,2012,,65.0,,,500000.0,
E09000007,Camden,Inner,2013,,63.6,,,585000.0,
E09000007,Camden,Inner,2014,,66.6,,,675000.0,
E09000007,Camden,Inner,2015,,69.2,,,705000.0,
E09000007,Camden,Inner,2016,,69.5,,,734500.0,
E09000007,Camden,Inner,2017,,66.5,,,760000.0,
E09000007,Camden,Inner,2018,,72.6,,,780000.0,
E09000007,Camden,Inner,2019,,70.2,,,,
E09000007,Camden,Inner,2003,,,19.0,45700.0,,21300.0
E09000007,Camden,Inner,2004,,,25.0,50200.0,,23200.0
E09000007,Camden,Inner,2005,,,27.14,56200.0,,24200.0
E09000007,Camden,Inner,2006,43.3,,,,,
E09000007,Camden,Inner,2006,,,28.05,60200.0,,25900.0
E09000007,Camden,Inner,2007,43.8,,,,,
E09000007,Camden,Inner,2007,,,27.1216,69800.0,,26900.0
E09000007,Camden,Inner,2008,48.7,,,,,
E09000007,Camden,Inner,2008,,,28.273469541124047,,,
E09000007,Camden,Inner,2009,53.1,,,,,
E09000007,Camden,Inner,2009,,,29.751830321943974,68900.0,,28400.0
E09000007,Camden,Inner,2010,60.2,,,,,
E09000007,Camden,Inner,2010,,,32.23294292675356,67100.0,,29400.0
E09000007,Camden,Inner,2011,59.0,,,,,
E09000007,Camden,Inner,2011,,,32.96867147956835,69300.0,,30400.0
E09000007,Camden,Inner,2012,60.4,,,,,
E09000007,Camden,Inner,2012,,,30.910392293901978,71200.0,,31600.0
E09000007,Camden,Inner,2013,60.5,,,,,
E09000007,Camden,Inner,2013,,,29.322846196306777,78900.0,,32000.0
E09000007,Camden,Inner,2014,56.4,,,,,
E09000007,Camden,Inner,2014,,,26.3,79200.0,,33100.0
E09000007,Camden,Inner,2015,,,24.827761934532457,85000.0,,34400.0
E09000007,Camden,Inner,2016,,,26.6,88000.0,,35500.0
E09000007,Camden,Inner,2017,,,30.328873038851388,92600.0,,37300.0
E09000007,Camden,Inner,2018,,,31.1,,,
E09000008,Croydon,Outer,2004,,,,,186000.0,
E09000008,Croydon,Outer,2005,,73.1,,,195000.0,
E09000008,Croydon,Outer,2006,,72.4,,,205000.0,
E09000008,Croydon,Outer,2007,,72.6,,,222500.0,
E09000008,Croydon,Outer,2008,,74.3,,,226725.0,
E09000008,Croydon,Outer,2009,,71.8,,,200000.0,
E09000008,Croydon,Outer,2010,,72.0,,,220000.0,
E09000008,Croydon,Outer,2011,,66.0,,,220000.0,
E09000008,Croydon,Outer,2012,,71.7,,,230000.0,
E09000008,Croydon,Outer,2013,,73.4,,,239950.0,
E09000008,Croydon,Outer,2014,,73.1,,,265000.0,
E09000008,Croydon,Outer,2015,,75.4,,,306000.0,
E09000008,Croydon,Outer,2016,,77.0,,,338000.0,
E09000008,Croydon,Outer,2017,,74.0,,,365000.0,
E09000008,Croydon,Outer,2018,,76.3,,,380000.0,
E09000008,Croydon,Outer,2019,,76.1,,,,
E09000008,Croydon,Outer,2003,,,14.0,23300.0,,19000.0
E09000008,Croydon,Outer,2004,,,13.0,24300.0,,18600.0
E09000008,Croydon,Outer,2005,,,16.17,25800.0,,19600.0
E09000008,Croydon,Outer,2006,44.9,,,,,
E09000008,Croydon,Outer,2006,,,20.11,27200.0,,20700.0
E09000008,Croydon,Outer,2007,49.5,,,,,
E09000008,Croydon,Outer,2007,,,22.706500000000002,28100.0,,20900.0
E09000008,Croydon,Outer,2008,53.9,,,,,
E09000008,Croydon,Outer,2008,,,27.712662100901632,,,
E09000008,Croydon,Outer,2009,54.4,,,,,
E09000008,Croydon,Outer,2009,,,32.235491447985275,29700.0,,23100.0
E09000008,Croydon,Outer,2010,61.0,,,,,
E09000008,Croydon,Outer,2010,,,33.47191765055165,29000.0,,22000.0
E09000008,Croydon,Outer,2011,62.2,,,,,
E09000008,Croydon,Outer,2011,,,38.063308274821914,29700.0,,22700.0
E09000008,Croydon,Outer,2012,64.4,,,,,
E09000008,Croydon,Outer,2012,,,44.30472710515973,30700.0,,23900.0
E09000008,Croydon,Outer,2013,56.8,,,,,
E09000008,Croydon,Outer,2013,,,42.15597139786462,31800.0,,24300.0
E09000008,Croydon,Outer,2014,59.6,,,,,
E09000008,Croydon,Outer,2014,,,39.900000000000006,32600.0,,25100.0
E09000008,Croydon,Outer,2015,,,37.777589845614386,34200.0,,26300.0
E09000008,Croydon,Outer,2016,,,38.6,33800.0,,25600.0
E09000008,Croydon,Outer,2017,,,37.91590838233481,35600.0,,27500.0
E09000008,Croydon,Outer,2018,,,47.3,,,
E09000009,Ealing,Outer,2004,,,,,232500.0,
E09000009,Ealing,Outer,2005,,67.0,,,235000.0,
E09000009,Ealing,Outer,2006,,69.4,,,248000.0,
E09000009,Ealing,Outer,2007,,67.9,,,271000.0,
E09000009,Ealing,Outer,2008,,68.8,,,270000.0,
E09000009,Ealing,Outer,2009,,64.4,,,257750.0,
E09000009,Ealing,Outer,2010,,67.3,,,279000.0,
E09000009,Ealing,Outer,2011,,68.0,,,293000.0,
E09000009,Ealing,Outer,2012,,66.4,,,310000.0,
E09000009,Ealing,Outer,2013,,65.4,,,326475.0,
E09000009,Ealing,Outer,2014,,68.3,,,387525.0,
E09000009,Ealing,Outer,2015,,73.0,,,432000.0,
E09000009,Ealing,Outer,2016,,73.7,,,465000.0,
E09000009,Ealing,Outer,2017,,75.8,,,480000.0,
E09000009,Ealing,Outer,2018,,73.4,,,470000.0,
E09000009,Ealing,Outer,2019,,73.0,,,,
E09000009,Ealing,Outer,2003,,,15.0,26100.0,,19400.0
E09000009,Ealing,Outer,2004,,,15.0,26500.0,,19100.0
E09000009,Ealing,Outer,2005,,,19.28,26900.0,,19000.0
E09000009,Ealing,Outer,2006,52.0,,,,,
E09000009,Ealing,Outer,2006,,,24.92,28700.0,,19900.0
E09000009,Ealing,Outer,2007,54.0,,,,,
E09000009,Ealing,Outer,2007,,,28.944499999999998,30000.0,,20200.0
E09000009,Ealing,Outer,2008,56.5,,,,,
E09000009,Ealing,Outer,2008,,,35.088246240582706,,,
E09000009,Ealing,Outer,2009,58.7,,,,,
E09000009,Ealing,Outer,2009,,,37.55282374139121,32400.0,,21800.0
E09000009,Ealing,Outer,2010,57.3,,,,,
E09000009,Ealing,Outer,2010,,,40.35093582045345,30700.0,,20800.0
E09000009,Ealing,Outer,2011,57.7,,,,,
E09000009,Ealing,Outer,2011,,,40.84502728496593,32000.0,,21300.0
E09000009,Ealing,Outer,2012,60.9,,,,,
E09000009,Ealing,Outer,2012,,,40.56787696209227,32600.0,,22700.0
E09000009,Ealing,Outer,2013,59.8,,,,,
E09000009,Ealing,Outer,2013,,,40.151032923989874,34500.0,,23200.0
E09000009,Ealing,Outer,2014,62.1,,,,,
E09000009,Ealing,Outer,2014,,,40.1,35300.0,,24600.0
E09000009,Ealing,Outer,2015,,,42.95486251056432,37000.0,,24900.0
E09000009,Ealing,Outer,2016,,,50.7,37300.0,,26100.0
E09000009,Ealing,Outer,2017,,,48.76105957969671,39700.0,,26700.0
E09000009,Ealing,Outer,2018,,,52.6,,,
E09000010,Enfield,Outer,2004,,,,,194000.0,
E09000010,Enfield,Outer,2005,,66.7,,,200000.0,
E09000010,Enfield,Outer,2006,,71.1,,,210000.0,
E09000010,Enfield,Outer,2007,,65.7,,,233000.0,
E09000010,Enfield,Outer,2008,,66.2,,,234700.0,
E09000010,Enfield,Outer,2009,,60.9,,,225000.0,
E09000010,Enfield,Outer,2010,,63.2,,,241000.0,
E09000010,Enfield,Outer,2011,,64.8,,,240000.0,
E09000010,Enfield,Outer,2012,,64.2,,,248000.0,
E09000010,Enfield,Outer,2013,,66.8,,,250000.0,
E09000010,Enfield,Outer,2014,,69.0,,,285000.0,
E09000010,Enfield,Outer,2015,,73.0,,,331000.0,
E09000010,Enfield,Outer,2016,,70.5,,,385000.0,
E09000010,Enfield,Outer,2017,,68.6,,,405000.0,
E09000010,Enfield,Outer,2018,,69.6,,,400000.0,
E09000010,Enfield,Outer,2019,,65.9,,,,
E09000010,Enfield,Outer,2003,,,16.0,24200.0,,18200.0
E09000010,Enfield,Outer,2004,,,24.0,23900.0,,17000.0
E09000010,Enfield,Outer,2005,,,27.29,25800.0,,18900.0
E09000010,Enfield,Outer,2006,47.9,,,,,
E09000010,Enfield,Outer,2006,,,29.64,27100.0,,19500.0
E09000010,Enfield,Outer,2007,48.9,,,,,
E09000010,Enfield,Outer,2007,,,28.1851,28100.0,,19900.0
E09000010,Enfield,Outer,2008,49.9,,,,,
E09000010,Enfield,Outer,2008,,,27.162197185846647,,,
E09000010,Enfield,Outer,2009,55.3,,,,,
E09000010,Enfield,Outer,2009,,,31.073946641437416,30600.0,,22100.0
E09000010,Enfield,Outer,2010,59.5,,,,,
E09000010,Enfield,Outer,2010,,,32.35779642565389,29000.0,,20900.0
E09000010,Enfield,Outer,2011,55.5,,,,,
E09000010,Enfield,Outer,2011,,,35.30012069212287,30400.0,,22300.0
E09000010,Enfield,Outer,2012,63.2,,,,,
E09000010,Enfield,Outer,2012,,,38.81464556999958,30800.0,,22700.0
E09000010,Enfield,Outer,2013,59.7,,,,,
E09000010,Enfield,Outer,2013,,,39.11821879619341,32900.0,,23900.0
E09000010,Enfield,Outer,2014,54.5,,,,,
E09000010,Enfield,Outer,2014,,,38.5,34400.0,,25300.0
E09000010,Enfield,Outer,2015,,,35.86220802523841,34600.0,,25100.0
E09000010,Enfield,Outer,2016,,,37.2,34600.0,,25400.0
E09000010,Enfield,Outer,2017,,,35.8734274355399,36200.0,,26300.0
E09000010,Enfield,Outer,2018,,,33.4,,,
E09000011,Greenwich,Outer,2004,,,,,180000.0,
E09000011,Greenwich,Outer,2005,,67.5,,,200000.0,
E09000011,Greenwich,Outer,2006,,67.7,,,209995.0,
E09000011,Greenwich,Outer,2007,,67.8,,,223000.0,
E09000011,Greenwich,Outer,2008,,66.2,,,230000.0,
E09000011,Greenwich,Outer,2009,,63.5,,,220000.0,
E09000011,Greenwich,Outer,2010,,66.7,,,245000.0,
E09000011,Greenwich,Outer,2011,,67.7,,,249995.0,
E09000011,Greenwich,Outer,2012,,69.4,,,245000.0,
E09000011,Greenwich,Outer,2013,,64.4,,,275000.0,
E09000011,Greenwich,Outer,2014,,67.0,,,317500.0,
E09000011,Greenwich,Outer,2015,,72.5,,,351580.0,
E09000011,Greenwich,Outer,2016,,73.1,,,395000.0,
E09000011,Greenwich,Outer,2017,,73.3,,,420750.0,
E09000011,Greenwich,Outer,2018,,71.1,,,430000.0,
E09000011,Greenwich,Outer,2019,,76.8,,,,
E09000011,Greenwich,Outer,2003,,,12.0,23300.0,,17800.0
E09000011,Greenwich,Outer,2004,,,19.0,23100.0,,17100.0
E09000011,Greenwich,Outer,2005,,,21.66,25500.0,,18200.0
E09000011,Greenwich,Outer,2006,38.2,,,,,
E09000011,Greenwich,Outer,2006,,,23.61,27400.0,,19200.0
E09000011,Greenwich,Outer,2007,44.8,,,,,
E09000011,Greenwich,Outer,2007,,,30.5224,29900.0,,20500.0
E09000011,Greenwich,Outer,2008,46.0,,,,,
E09000011,Greenwich,Outer,2008,,,42.09208821937551,,,
E09000011,Greenwich,Outer,2009,50.1,,,,,
E09000011,Greenwich,Outer,2009,,,35.423455903590664,32800.0,,21400.0
E09000011,Greenwich,Outer,2010,54.5,,,,,
E09000011,Greenwich,Outer,2010,,,36.53922244289482,30000.0,,21300.0
E09000011,Greenwich,Outer,2011,63.1,,,,,
E09000011,Greenwich,Outer,2011,,,39.10739631233493,31000.0,,21800.0
E09000011,Greenwich,Outer,2012,65.4,,,,,
E09000011,Greenwich,Outer,2012,,,39.94333010182575,31500.0,,22600.0
E09000011,Greenwich,Outer,2013,59.6,,,,,
E09000011,Greenwich,Outer,2013,,,38.830951108793286,34200.0,,23500.0
E09000011,Greenwich,Outer,2014,57.7,,,,,
E09000011,Greenwich,Outer,2014,,,34.300000000000004,34800.0,,24600.0
E09000011,Greenwich,Outer,2015,,,34.80535181338076,37300.0,,25600.0
E09000011,Greenwich,Outer,2016,,,34.9,37500.0,,26000.0
E09000011,Greenwich,Outer,2017,,,35.07470385758903,40200.0,,27600.0
E09000011,Greenwich,Outer,2018,,,33.4,,,
E09000012,Hackney,Inner,2004,,,,,216100.0,
E09000012,Hackney,Inner,2005,,53.3,,,220000.0,
E09000012,Hackney,Inner,2006,,58.3,,,245000.0,
E09000012,Hackney,Inner,2007,,62.1,,,264500.0,
E09000012,Hackney,Inner,2008,,65.9,,,265000.0,
E09000012,Hackney,Inner,2009,,68.2,,,275000.0,
E09000012,Hackney,Inner,2010,,68.0,,,292500.0,
E09000012,Hackney,Inner,2011,,67.0,,,310000.0,
E09000012,Hackney,Inner,2012,,63.4,,,325000.0,
E09000012,Hackney,Inner,2013,,62.6,,,375000.0,
E09000012,Hackney,Inner,2014,,68.3,,,430000.0,
E09000012,Hackney,Inner,2015,,69.0,,,490000.0,
E09000012,Hackney,Inner,2016,,69.0,,,536959.0,
E09000012,Hackney,Inner,2017,,72.9,,,535000.0,
E09000012,Hackney,Inner,2018,,70.0,,,550000.0,
E09000012,Hackney,Inner,2019,,72.4,,,,
E09000012,Hackney,Inner,2003,,,6.0,21500.0,,17000.0
E09000012,Hackney,Inner,2004,,,12.0,22900.0,,18000.0
E09000012,Hackney,Inner,2005,,,16.21,24600.0,,19300.0
E09000012,Hackney,Inner,2006,40.5,,,,,
E09000012,Hackney,Inner,2006,,,19.57,25300.0,,18400.0
E09000012,Hackney,Inner,2007,41.5,,,,,
E09000012,Hackney,Inner,2007,,,22.3817,27900.0,,20900.0
E09000012,Hackney,Inner,2008,49.4,,,,,
E09000012,Hackney,Inner,2008,,,22.714974869240912,,,
E09000012,Hackney,Inner,2009,55.3,,,,,
E09000012,Hackney,Inner,2009,,,24.324972411263044,29800.0,,22200.0
E09000012,Hackney,Inner,2010,57.0,,,,,
E09000012,Hackney,Inner,2010,,,24.960117521772254,29500.0,,22300.0
E09000012,Hackney,Inner,2011,60.2,,,,,
E09000012,Hackney,Inner,2011,,,24.000209769422476,31200.0,,23300.0
E09000012,Hackney,Inner,2012,61.2,,,,,
E09000012,Hackney,Inner,2012,,,24.322628061319868,32700.0,,24300.0
E09000012,Hackney,Inner,2013,58.8,,,,,
E09000012,Hackney,Inner,2013,,,25.441844028095993,36300.0,,26000.0
E09000012,Hackney,Inner,2014,60.4,,,,,
E09000012,Hackney,Inner,2014,,,25.3,37100.0,,26000.0
E09000012,Hackney,Inner,2015,,,24.834971790759894,40200.0,,27800.0
E09000012,Hackney,Inner,2016,,,27.0,40600.0,,28000.0
E09000012,Hackney,Inner,2017,,,27.390455954240206,43100.0,,29400.0
E09000012,Hackney,Inner,2018,,,27.900000000000002,,,
E09000013,Hammersmith and Fulham,Inner,2004,,,,,302000.0,
E09000013,Hammersmith and Fulham,Inner,2005,,70.2,,,325000.0,
E09000013,Hammersmith and Fulham,Inner,2006,,69.3,,,350000.0,
E09000013,Hammersmith and Fulham,Inner,2007,,70.2,,,415000.0,
E09000013,Hammersmith and Fulham,Inner,2008,,69.3,,,435000.0,
E09000013,Hammersmith and Fulham,Inner,2009,,67.0,,,420000.0,
E09000013,Hammersmith and Fulham,Inner,2010,,65.8,,,460000.0,
E09000013,Hammersmith and Fulham,Inner,2011,,66.7,,,465000.0,
E09000013,Hammersmith and Fulham,Inner,2012,,68.9,,,490000.0,
E09000013,Hammersmith and Fulham,Inner,2013,,70.9,,,561440.0,
E09000013,Hammersmith and Fulham,Inner,2014,,76.1,,,661500.0,
E09000013,Hammersmith and Fulham,Inner,2015,,77.0,,,730000.0,
E09000013,Hammersmith and Fulham,Inner,2016,,76.2,,,730000.0,
E09000013,Hammersmith and Fulham,Inner,2017,,76.0,,,780000.0,
E09000013,Hammersmith and Fulham,Inner,2018,,76.9,,,768000.0,
E09000013,Hammersmith and Fulham,Inner,2019,,75.8,,,,
E09000013,Hammersmith and Fulham,Inner,2003,,,16.0,36200.0,,19600.0
E09000013,Hammersmith and Fulham,Inner,2004,,,20.0,38300.0,,20800.0
E09000013,Hammersmith and Fulham,Inner,2005,,,21.49,43100.0,,23000.0
E09000013,Hammersmith and Fulham,Inner,2006,45.0,,,,,
E09000013,Hammersmith and Fulham,Inner,2006,,,23.63,46200.0,,22800.0
E09000013,Hammersmith and Fulham,Inner,2007,43.5,,,,,
E09000013,Hammersmith and Fulham,Inner,2007,,,26.89,48600.0,,23600.0
E09000013,Hammersmith and Fulham,Inner,2008,52.4,,,,,
E09000013,Hammersmith and Fulham,Inner,2008,,,27.840170085883152,,,
E09000013,Hammersmith and Fulham,Inner,2009,68.2,,,,,
E09000013,Hammersmith and Fulham,Inner,2009,,,27.244496461860134,52900.0,,26700.0
E09000013,Hammersmith and Fulham,Inner,2010,71.3,,,,,
E09000013,Hammersmith and Fulham,Inner,2010,,,27.553121318169588,52000.0,,27100.0
E09000013,Hammersmith and Fulham,Inner,2011,65.6,,,,,
E09000013,Hammersmith and Fulham,Inner,2011,,,30.09634231075964,52700.0,,27600.0
E09000013,Hammersmith and Fulham,Inner,2012,66.5,,,,,
E09000013,Hammersmith and Fulham,Inner,2012,,,22.662667646136647,54300.0,,27600.0
E09000013,Hammersmith and Fulham,Inner,2013,65.6,,,,,
E09000013,Hammersmith and Fulham,Inner,2013,,,20.53495085121528,61300.0,,30100.0
E09000013,Hammersmith and Fulham,Inner,2014,62.6,,,,,
E09000013,Hammersmith and Fulham,Inner,2014,,,20.7,62000.0,,30100.0
E09000013,Hammersmith and Fulham,Inner,2015,,,21.966874256481855,69700.0,,32000.0
E09000013,Hammersmith and Fulham,Inner,2016,,,23.200000000000003,66600.0,,32300.0
E09000013,Hammersmith and Fulham,Inner,2017,,,23.701633380917105,73200.0,,33200.0
E09000013,Hammersmith and Fulham,Inner,2018,,,23.799999999999997,,,
E09000014,Haringey,Inner,2004,,,,,213300.0,
E09000014,Haringey,Inner,2005,,66.5,,,225000.0,
E09000014,Haringey,Inner,2006,,67.0,,,237500.0,
E09000014,Haringey,Inner,2007,,64.7,,,267500.0,
E09000014,Haringey,Inner,2008,,62.5,,,250000.0,
E09000014,Haringey,Inner,2009,,59.8,,,250000.0,
E09000014,Haringey,Inner,2010,,62.0,,,290000.0,
E09000014,Haringey,Inner,2011,,65.7,,,305000.0,
E09000014,Haringey,Inner,2012,,66.4,,,315000.0,
E09000014,Haringey,Inner,2013,,68.4,,,339800.0,
E09000014,Haringey,Inner,2014,,68.2,,,405000.0,
E09000014,Haringey,Inner,2015,,71.5,,,439497.5,
E09000014,Haringey,Inner,2016,,73.1,,,460000.0,
E09000014,Haringey,Inner,2017,,67.9,,,540000.0,
E09000014,Haringey,Inner,2018,,73.6,,,520000.0,
E09000014,Haringey,Inner,2019,,76.9,,,,
E09000014,Haringey,Inner,2003,,,9.0,26100.0,,18800.0
E09000014,Haringey,Inner,2004,,,14.0,27900.0,,18300.0
E09000014,Haringey,Inner,2005,,,19.23,29500.0,,18800.0
E09000014,Haringey,Inner,2006,41.8,,,,,
E09000014,Haringey,Inner,2006,,,24.72,32500.0,,19000.0
E09000014,Haringey,Inner,2007,44.2,,,,,
E09000014,Haringey,Inner,2007,,,25.68,31900.0,,19800.0
E09000014,Haringey,Inner,2008,48.3,,,,,
E09000014,Haringey,Inner,2008,,,22.128095242423072,,,
E09000014,Haringey,Inner,2009,48.0,,,,,
E09000014,Haringey,Inner,2009,,,25.120792955116016,35100.0,,21800.0
E09000014,Haringey,Inner,2010,57.3,,,,,
E09000014,Haringey,Inner,2010,,,27.674245998283787,32900.0,,21500.0
E09000014,Haringey,Inner,2011,58.6,,,,,
E09000014,Haringey,Inner,2011,,,25.685157147447036,34600.0,,22200.0
E09000014,Haringey,Inner,2012,63.5,,,,,
E09000014,Haringey,Inner,2012,,,31.65534517907833,35400.0,,23300.0
E09000014,Haringey,Inner,2013,59.1,,,,,
E09000014,Haringey,Inner,2013,,,35.8140939215322,39100.0,,24400.0
E09000014,Haringey,Inner,2014,54.6,,,,,
E09000014,Haringey,Inner,2014,,,37.3,39500.0,,25800.0
E09000014,Haringey,Inner,2015,,,36.163725817670425,41700.0,,25600.0
E09000014,Haringey,Inner,2016,,,35.699999999999996,39900.0,,25100.0
E09000014,Haringey,Inner,2017,,,32.91627857797998,43800.0,,27100.0
E09000014,Haringey,Inner,2018,,,29.299999999999997,,,
E09000015,Harrow,Outer,2004,,,,,245000.0,
E09000015,Harrow,Outer,2005,,70.9,,,249000.0,
E09000015,Harrow,Outer,2006,,71.6,,,250000.0,
E09000015,Harrow,Outer,2007,,73.4,,,280000.0,
E09000015,Harrow,Outer,2008,,68.6,,,275000.0,
E09000015,Harrow,Outer,2009,,71.4,,,250000.0,
E09000015,Harrow,Outer,2010,,72.3,,,291000.0,
E09000015,Harrow,Outer,2011,,73.4,,,294000.0,
E09000015,Harrow,Outer,2012,,71.3,,,302000.0,
E09000015,Harrow,Outer,2013,,67.9,,,325000.0,
E09000015,Harrow,Outer,2014,,72.7,,,370000.0,
E09000015,Harrow,Outer,2015,,73.9,,,400000.0,
E09000015,Harrow,Outer,2016,,71.9,,,460000.0,
E09000015,Harrow,Outer,2017,,78.9,,,500000.0,
E09000015,Harrow,Outer,2018,,78.0,,,473000.0,
E09000015,Harrow,Outer,2019,,68.6,,,,
E09000015,Harrow,Outer,2003,,,16.0,26300.0,,19600.0
E09000015,Harrow,Outer,2004,,,19.0,26800.0,,19600.0
E09000015,Harrow,Outer,2005,,,26.7,29200.0,,20700.0
E09000015,Harrow,Outer,2006,61.3,,,,,
E09000015,Harrow,Outer,2006,,,27.7,30800.0,,21400.0
E09000015,Harrow,Outer,2007,62.9,,,,,
E09000015,Harrow,Outer,2007,,,39.5501,32400.0,,22100.0
E09000015,Harrow,Outer,2008,65.5,,,,,
E09000015,Harrow,Outer,2008,,,43.107542335812035,,,
E09000015,Harrow,Outer,2009,60.7,,,,,
E09000015,Harrow,Outer,2009,,,46.08727576054956,33300.0,,22800.0
E09000015,Harrow,Outer,2010,64.6,,,,,
E09000015,Harrow,Outer,2010,,,49.95053389281207,31100.0,,22300.0
E09000015,Harrow,Outer,2011,63.6,,,,,
E09000015,Harrow,Outer,2011,,,48.2051055755356,32400.0,,23000.0
E09000015,Harrow,Outer,2012,65.4,,,,,
E09000015,Harrow,Outer,2012,,,44.74856779121579,33300.0,,24000.0
E09000015,Harrow,Outer,2013,62.3,,,,,
E09000015,Harrow,Outer,2013,,,49.15304255444726,36000.0,,25200.0
E09000015,Harrow,Outer,2014,60.5,,,,,
E09000015,Harrow,Outer,2014,,,45.1,37000.0,,26100.0
E09000015,Harrow,Outer,2015,,,40.85476559383292,38500.0,,26300.0
E09000015,Harrow,Outer,2016,,,39.7,38400.0,,27300.0
E09000015,Harrow,Outer,2017,,,40.96443315003363,39000.0,,27600.0
E09000015,Harrow,Outer,2018,,,40.2,,,
E09000016,Havering,Outer,2004,,,,,188000.0,
E09000016,Havering,Outer,2005,,73.2,,,195000.0,
E09000016,Havering,Outer,2006,,74.0,,,205000.0,
E09000016,Havering,Outer,2007,,76.6,,,222500.0,
E09000016,Havering,Outer,2008,,76.8,,,222000.0,
E09000016,Havering,Outer,2009,,71.2,,,200000.0,
E09000016,Havering,Outer,2010,,68.5,,,221000.0,
E09000016,Havering,Outer,2011,,73.9,,,220000.0,
E09000016,Havering,Outer,2012,,69.1,,,221000.0,
E09000016,Havering,Outer,2013,,70.7,,,232500.0,
E09000016,Havering,Outer,2014,,75.7,,,250000.0,
E09000016,Havering,Outer,2015,,76.4,,,287500.0,
E09000016,Havering,Outer,2016,,79.3,,,332000.0,
E09000016,Havering,Outer,2017,,76.4,,,350000.0,
E09000016,Havering,Outer,2018,,78.9,,,360000.0,
E09000016,Havering,Outer,2019,,75.2,,,,
E09000016,Havering,Outer,2003,,,8.0,22800.0,,18100.0
E09000016,Havering,Outer,2004,,,16.0,23100.0,,18600.0
E09000016,Havering,Outer,2005,,,17.81,25000.0,,20200.0
E09000016,Havering,Outer,2006,51.9,,,,,
E09000016,Havering,Outer,2006,,,20.43,26100.0,,20400.0
E09000016,Havering,Outer,2007,53.9,,,,,
E09000016,Havering,Outer,2007,,,23.9758,27100.0,,20800.0
E09000016,Havering,Outer,2008,56.0,,,,,
E09000016,Havering,Outer,2008,,,27.401258456826795,,,
E09000016,Havering,Outer,2009,62.3,,,,,
E09000016,Havering,Outer,2009,,,34.34616477173635,29700.0,,22000.0
E09000016,Havering,Outer,2010,63.9,,,,,
E09000016,Havering,Outer,2010,,,30.876072716162138,29000.0,,22500.0
E09000016,Havering,Outer,2011,61.5,,,,,
E09000016,Havering,Outer,2011,,,35.472683697009074,30400.0,,22700.0
E09000016,Havering,Outer,2012,63.7,,,,,
E09000016,Havering,Outer,2012,,,34.597949847094405,30600.0,,23500.0
E09000016,Havering,Outer,2013,60.2,,,,,
E09000016,Havering,Outer,2013,,,31.513800183226927,31300.0,,24700.0
E09000016,Havering,Outer,2014,57.7,,,,,
E09000016,Havering,Outer,2014,,,32.4,32100.0,,24900.0
E09000016,Havering,Outer,2015,,,31.828498484699665,33600.0,,26000.0
E09000016,Havering,Outer,2016,,,37.3,33900.0,,26100.0
E09000016,Havering,Outer,2017,,,37.025363310532825,35700.0,,27900.0
E09000016,Havering,Outer,2018,,,37.4,,,
E09000017,Hillingdon,Outer,2004,,,,,210000.0,
E09000017,Hillingdon,Outer,2005,,69.3,,,218500.0,
E09000017,Hillingdon,Outer,2006,,70.6,,,230000.0,
E09000017,Hillingdon,Outer,2007,,65.2,,,245000.0,
E09000017,Hillingdon,Outer,2008,,71.9,,,245000.0,
E09000017,Hillingdon,Outer,2009,,72.3,,,230000.0,
E09000017,Hillingdon,Outer,2010,,67.0,,,249999.0,
E09000017,Hillingdon,Outer,2011,,69.5,,,249950.0,
E09000017,Hillingdon,Outer,2012,,69.8,,,250000.0,
E09000017,Hillingdon,Outer,2013,,70.6,,,269950.0,
E09000017,Hillingdon,Outer,2014,,71.9,,,305750.0,
E09000017,Hillingdon,Outer,2015,,73.4,,,352500.0,
E09000017,Hillingdon,Outer,2016,,75.8,,,400000.0,
E09000017,Hillingdon,Outer,2017,,74.2,,,415000.0,
E09000017,Hillingdon,Outer,2018,,75.2,,,415000.0,
E09000017,Hillingdon,Outer,2019,,72.4,,,,
E09000017,Hillingdon,Outer,2003,,,34.0,23800.0,,18900.0
E09000017,Hillingdon,Outer,2004,,,27.0,25200.0,,20400.0
E09000017,Hillingdon,Outer,2005,,,27.7,26300.0,,20200.0
E09000017,Hillingdon,Outer,2006,48.3,,,,,
E09000017,Hillingdon,Outer,2006,,,30.64,27600.0,,21200.0
E09000017,Hillingdon,Outer,2007,49.3,,,,,
E09000017,Hillingdon,Outer,2007,,,33.7561,27900.0,,21800.0
E09000017,Hillingdon,Outer,2008,56.0,,,,,
E09000017,Hillingdon,Outer,2008,,,35.31737751483415,,,
E09000017,Hillingdon,Outer,2009,55.8,,,,,
E09000017,Hillingdon,Outer,2009,,,40.89523876401666,29300.0,,23000.0
E09000017,Hillingdon,Outer,2010,59.5,,,,,
E09000017,Hillingdon,Outer,2010,,,43.15887077231312,28400.0,,21900.0
E09000017,Hillingdon,Outer,2011,61.0,,,,,
E09000017,Hillingdon,Outer,2011,,,43.41766088400321,30000.0,,23500.0
E09000017,Hillingdon,Outer,2012,61.6,,,,,
E09000017,Hillingdon,Outer,2012,,,43.04105844629354,30100.0,,23200.0
E09000017,Hillingdon,Outer,2013,58.6,,,,,
E09000017,Hillingdon,Outer,2013,,,43.148652676485476,31300.0,,23600.0
E09000017,Hillingdon,Outer,2014,57.5,,,,,
E09000017,Hillingdon,Outer,2014,,,43.8,32300.0,,25300.0
E09000017,Hillingdon,Outer,2015,,,44.10931069895547,33900.0,,25900.0
E09000017,Hillingdon,Outer,2016,,,43.4,34300.0,,26200.0
E09000017,Hillingdon,Outer,2017,,,39.96245147982157,35900.0,,27100.0
E09000017,Hillingdon,Outer,2018,,,36.7,,,
E09000018,Hounslow,Outer,2004,,,,,217000.0,
E09000018,Hounslow,Outer,2005,,72.8,,,220000.0,
E09000018,Hounslow,Outer,2006,,71.8,,,235000.0,
E09000018,Hounslow,Outer,2007,,69.7,,,249995.0,
E09000018,Hounslow,Outer,2008,,70.8,,,249000.0,
E09000018,Hounslow,Outer,2009,,70.4,,,240000.0,
E09000018,Hounslow,Outer,2010,,71.5,,,249950.0,
E09000018,Hounslow,Outer,2011,,72.4,,,250000.0,
E09000018,Hounslow,Outer,2012,,72.3,,,265000.0,
E09000018,Hounslow,Outer,2013,,74.1,,,280000.0,
E09000018,Hounslow,Outer,2014,,73.9,,,319950.0,
E09000018,Hounslow,Outer,2015,,74.2,,,355000.0,
E09000018,Hounslow,Outer,2016,,73.4,,,380000.0,
E09000018,Hounslow,Outer,2017,,74.8,,,399950.0,
E09000018,Hounslow,Outer,2018,,76.7,,,410000.0,
E09000018,Hounslow,Outer,2019,,71.8,,,,
E09000018,Hounslow,Outer,2003,,,20.0,24800.0,,18900.0
E09000018,Hounslow,Outer,2004,,,17.0,25500.0,,18400.0
E09000018,Hounslow,Outer,2005,,,19.25,26900.0,,18800.0
E09000018,Hounslow,Outer,2006,47.1,,,,,
E09000018,Hounslow,Outer,2006,,,19.62,27800.0,,19100.0
E09000018,Hounslow,Outer,2007,49.9,,,,,
E09000018,Hounslow,Outer,2007,,,21.752299999999998,29000.0,,20400.0
E09000018,Hounslow,Outer,2008,53.0,,,,,
E09000018,Hounslow,Outer,2008,,,23.59681866701025,,,
E09000018,Hounslow,Outer,2009,58.7,,,,,
E09000018,Hounslow,Outer,2009,,,33.19181279350131,31800.0,,22000.0
E09000018,Hounslow,Outer,2010,62.5,,,,,
E09000018,Hounslow,Outer,2010,,,34.753621306700666,30800.0,,21600.0
E09000018,Hounslow,Outer,2011,61.8,,,,,
E09000018,Hounslow,Outer,2011,,,35.37621660293455,32400.0,,21800.0
E09000018,Hounslow,Outer,2012,66.7,,,,,
E09000018,Hounslow,Outer,2012,,,35.046367548725776,32200.0,,22400.0
E09000018,Hounslow,Outer,2013,66.1,,,,,
E09000018,Hounslow,Outer,2013,,,35.13935829991207,35800.0,,23700.0
E09000018,Hounslow,Outer,2014,65.2,,,,,
E09000018,Hounslow,Outer,2014,,,34.5,36800.0,,24700.0
E09000018,Hounslow,Outer,2015,,,33.764249994212356,38400.0,,25000.0
E09000018,Hounslow,Outer,2016,,,30.099999999999998,39900.0,,26100.0
E09000018,Hounslow,Outer,2017,,,29.763115506851673,40300.0,,26400.0
E09000018,Hounslow,Outer,2018,,,31.4,,,
E09000019,Islington,Inner,2004,,,,,250000.0,
E09000019,Islington,Inner,2005,,63.4,,,270000.0,
E09000019,Islington,Inner,2006,,66.4,,,295000.0,
E09000019,Islington,Inner,2007,,68.4,,,347500.0,
E09000019,Islington,Inner,2008,,68.9,,,350000.0,
E09000019,Islington,Inner,2009,,65.3,,,345000.0,
E09000019,Islington,Inner,2010,,66.5,,,387996.0,
E09000019,Islington,Inner,2011,,68.0,,,399995.0,
E09000019,Islington,Inner,2012,,66.0,,,410000.0,
E09000019,Islington,Inner,2013,,68.5,,,464999.5,
E09000019,Islington,Inner,2014,,68.9,,,535000.0,
E09000019,Islington,Inner,2015,,72.9,,,580000.0,
E09000019,Islington,Inner,2016,,69.9,,,620000.0,
E09000019,Islington,Inner,2017,,76.9,,,615000.0,
E09000019,Islington,Inner,2018,,76.2,,,600000.0,
E09000019,Islington,Inner,2019,,77.1,,,,
E09000019,Islington,Inner,2003,,,7.0,36800.0,,21500.0
E09000019,Islington,Inner,2004,,,11.0,35400.0,,20800.0
E09000019,Islington,Inner,2005,,,18.29,39000.0,,22800.0
E09000019,Islington,Inner,2006,41.5,,,,,
E09000019,Islington,Inner,2006,,,23.5,41400.0,,23100.0
E09000019,Islington,Inner,2007,41.4,,,,,
E09000019,Islington,Inner,2007,,,26.3337,43300.0,,24400.0
E09000019,Islington,Inner,2008,48.6,,,,,
E09000019,Islington,Inner,2008,,,28.26476696954949,,,
E09000019,Islington,Inner,2009,50.0,,,,,
E09000019,Islington,Inner,2009,,,29.063548692517926,48400.0,,27100.0
E09000019,Islington,Inner,2010,49.4,,,,,
E09000019,Islington,Inner,2010,,,30.41401598585652,47600.0,,26100.0
E09000019,Islington,Inner,2011,53.6,,,,,
E09000019,Islington,Inner,2011,,,32.19216876281627,47200.0,,28100.0
E09000019,Islington,Inner,2012,63.5,,,,,
E09000019,Islington,Inner,2012,,,31.42785076722175,48400.0,,28500.0
E09000019,Islington,Inner,2013,59.9,,,,,
E09000019,Islington,Inner,2013,,,32.68143650694243,51900.0,,28700.0
E09000019,Islington,Inner,2014,57.9,,,,,
E09000019,Islington,Inner,2014,,,32.800000000000004,56800.0,,31000.0
E09000019,Islington,Inner,2015,,,29.354717766353932,58900.0,,31100.0
E09000019,Islington,Inner,2016,,,31.6,59500.0,,32900.0
E09000019,Islington,Inner,2017,,,29.45976788454421,62100.0,,33400.0
E09000019,Islington,Inner,2018,,,28.999999999999996,,,
E09000020,Kensington and Chelsea,Inner,2004,,,,,455000.0,
E09000020,Kensington and Chelsea,Inner,2005,,65.6,,,465000.0,
E09000020,Kensington and Chelsea,Inner,2006,,62.0,,,525000.0,
E09000020,Kensington and Chelsea,Inner,2007,,66.3,,,645000.0,
E09000020,Kensington and Chelsea,Inner,2008,,65.1,,,700000.0,
E09000020,Kensington and Chelsea,Inner,2009,,62.8,,,680000.0,
E09000020,Kensington and Chelsea,Inner,2010,,63.5,,,750000.0,
E09000020,Kensington and Chelsea,Inner,2011,,62.6,,,793025.0,
E09000020,Kensington and Chelsea,Inner,2012,,65.3,,,892857.0,
E09000020,Kensington and Chelsea,Inner,2013,,65.5,,,980000.0,
E09000020,Kensington and Chelsea,Inner,2014,,69.1,,,1197500.0,
E09000020,Kensington and Chelsea,Inner,2015,,68.0,,,1175000.0,
E09000020,Kensington and Chelsea,Inner,2016,,66.6,,,1200000.0,
E09000020,Kensington and Chelsea,Inner,2017,,67.8,,,1350000.0,
E09000020,Kensington and Chelsea,Inner,2018,,59.2,,,1425000.0,
E09000020,Kensington and Chelsea,Inner,2019,,65.9,,,,
E09000020,Kensington and Chelsea,Inner,2003,,,15.0,84900.0,,24000.0
E09000020,Kensington and Chelsea,Inner,2004,,,18.0,86600.0,,22400.0
E09000020,Kensington and Chelsea,Inner,2005,,,19.94,109000.0,,27300.0
E09000020,Kensington and Chelsea,Inner,2006,46.4,,,,,
E09000020,Kensington and Chelsea,Inner,2006,,,24.28,122000.0,,27500.0
E09000020,Kensington and Chelsea,Inner,2007,51.0,,,,,
E09000020,Kensington and Chelsea,Inner,2007,,,27.93,151000.0,,31900.0
E09000020,Kensington and Chelsea,Inner,2008,59.2,,,,,
E09000020,Kensington and Chelsea,Inner,2008,,,30.210684794872623,,,
E09000020,Kensington and Chelsea,Inner,2009,71.3,,,,,
E09000020,Kensington and Chelsea,Inner,2009,,,30.652011564839054,161000.0,,34100.0
E09000020,Kensington and Chelsea,Inner,2010,73.1,,,,,
E09000020,Kensington and Chelsea,Inner,2010,,,31.892420019611617,128000.0,,31700.0
E09000020,Kensington and Chelsea,Inner,2011,79.6,,,,,
E09000020,Kensington and Chelsea,Inner,2011,,,33.704010374648455,137000.0,,37200.0
E09000020,Kensington and Chelsea,Inner,2012,80.2,,,,,
E09000020,Kensington and Chelsea,Inner,2012,,,26.442484315721853,131000.0,,37800.0
E09000020,Kensington and Chelsea,Inner,2013,73.8,,,,,
E09000020,Kensington and Chelsea,Inner,2013,,,25.446749629166852,156000.0,,37600.0
E09000020,Kensington and Chelsea,Inner,2014,67.2,,,,,
E09000020,Kensington and Chelsea,Inner,2014,,,25.3,158000.0,,38700.0
E09000020,Kensington and Chelsea,Inner,2015,,,25.8951643098929,178000.0,,37500.0
E09000020,Kensington and Chelsea,Inner,2016,,,25.7,171000.0,,39500.0
E09000020,Kensington and Chelsea,Inner,2017,,,26.210843761224687,177000.0,,40400.0
E09000020,Kensington and Chelsea,Inner,2018,,,27.0,,,
E09000021,Kingston upon Thames,Outer,2004,,,,,235000.0,
E09000021,Kingston upon Thames,Outer,2005,,72.5,,,240000.0,
E09000021,Kingston upon Thames,Outer,2006,,74.2,,,249999.0,
E09000021,Kingston upon Thames,Outer,2007,,72.7,,,290000.0,
E09000021,Kingston upon Thames,Outer,2008,,71.8,,,285000.0,
E09000021,Kingston upon Thames,Outer,2009,,74.1,,,270000.0,
E09000021,Kingston upon Thames,Outer,2010,,70.3,,,300000.0,
E09000021,Kingston upon Thames,Outer,2011,,67.9,,,300000.0,
E09000021,Kingston upon Thames,Outer,2012,,70.5,,,317500.0,
E09000021,Kingston upon Thames,Outer,2013,,73.9,,,335000.0,
E09000021,Kingston upon Thames,Outer,2014,,75.1,,,385000.0,
E09000021,Kingston upon Thames,Outer,2015,,74.2,,,413500.0,
E09000021,Kingston upon Thames,Outer,2016,,73.5,,,460000.0,
E09000021,Kingston upon Thames,Outer,2017,,75.9,,,485000.0,
E09000021,Kingston upon Thames,Outer,2018,,72.0,,,490000.0,
E09000021,Kingston upon Thames,Outer,2019,,78.2,,,,
E09000021,Kingston upon Thames,Outer,2003,,,19.0,28300.0,,20100.0
E09000021,Kingston upon Thames,Outer,2004,,,18.0,30500.0,,20400.0
E09000021,Kingston upon Thames,Outer,2005,,,23.97,33400.0,,22400.0
E09000021,Kingston upon Thames,Outer,2006,60.6,,,,,
E09000021,Kingston upon Thames,Outer,2006,,,23.9,34300.0,,22900.0
E09000021,Kingston upon Thames,Outer,2007,60.4,,,,,
E09000021,Kingston upon Thames,Outer,2007,,,25.6169,38200.0,,25200.0
E09000021,Kingston upon Thames,Outer,2008,65.8,,,,,
E09000021,Kingston upon Thames,Outer,2008,,,35.35913273643036,,,
E09000021,Kingston upon Thames,Outer,2009,68.7,,,,,
E09000021,Kingston upon Thames,Outer,2009,,,46.15658777008751,39200.0,,25600.0
E09000021,Kingston upon Thames,Outer,2010,71.0,,,,,
E09000021,Kingston upon Thames,Outer,2010,,,47.40498583458018,35500.0,,24800.0
E09000021,Kingston upon Thames,Outer,2011,70.1,,,,,
E09000021,Kingston upon Thames,Outer,2011,,,46.790130543053586,38700.0,,26000.0
E09000021,Kingston upon Thames,Outer,2012,71.6,,,,,
E09000021,Kingston upon Thames,Outer,2012,,,46.31285165563675,39900.0,,26500.0
E09000021,Kingston upon Thames,Outer,2013,70.0,,,,,
E09000021,Kingston upon Thames,Outer,2013,,,46.29452094874312,41900.0,,26100.0
E09000021,Kingston upon Thames,Outer,2014,73.2,,,,,
E09000021,Kingston upon Thames,Outer,2014,,,45.7,43600.0,,29100.0
E09000021,Kingston upon Thames,Outer,2015,,,45.83559870118218,45800.0,,30300.0
E09000021,Kingston upon Thames,Outer,2016,,,47.0,44500.0,,30200.0
E09000021,Kingston upon Thames,Outer,2017,,,48.310838580282436,48700.0,,32400.0
E09000021,Kingston upon Thames,Outer,2018,,,49.4,,,
E09000022,Lambeth,Inner,2004,,,,,220000.0,
E09000022,Lambeth,Inner,2005,,65.8,,,229000.0,
E09000022,Lambeth,Inner,2006,,64.1,,,246000.0,
E09000022,Lambeth,Inner,2007,,67.8,,,280000.0,
E09000022,Lambeth,Inner,2008,,68.3,,,275000.0,
E09000022,Lambeth,Inner,2009,,72.5,,,275000.0,
E09000022,Lambeth,Inner,2010,,72.7,,,302000.0,
E09000022,Lambeth,Inner,2011,,72.4,,,310000.0,
E09000022,Lambeth,Inner,2012,,70.7,,,321250.0,
E09000022,Lambeth,Inner,2013,,78.0,,,350000.0,
E09000022,Lambeth,Inner,2014,,80.0,,,420000.0,
E09000022,Lambeth,Inner,2015,,78.5,,,460000.0,
E09000022,Lambeth,Inner,2016,,80.6,,,507700.0,
E09000022,Lambeth,Inner,2017,,80.7,,,520000.0,
E09000022,Lambeth,Inner,2018,,76.4,,,525000.0,
E09000022,Lambeth,Inner,2019,,78.2,,,,
E09000022,Lambeth,Inner,2003,,,12.0,26600.0,,20000.0
E09000022,Lambeth,Inner,2004,,,16.0,26800.0,,19900.0
E09000022,Lambeth,Inner,2005,,,22.15,28700.0,,20700.0
E09000022,Lambeth,Inner,2006,39.7,,,,,
E09000022,Lambeth,Inner,2006,,,23.1,30900.0,,21600.0
E09000022,Lambeth,Inner,2007,45.6,,,,,
E09000022,Lambeth,Inner,2007,,,25.12,33300.0,,22200.0
E09000022,Lambeth,Inner,2008,51.3,,,,,
E09000022,Lambeth,Inner,2008,,,25.51212465508846,,,
E09000022,Lambeth,Inner,2009,53.0,,,,,
E09000022,Lambeth,Inner,2009,,,27.1534728281262,35400.0,,24000.0
E09000022,Lambeth,Inner,2010,61.1,,,,,
E09000022,Lambeth,Inner,2010,,,28.30705862961241,34200.0,,24000.0
E09000022,Lambeth,Inner,2011,62.8,,,,,
E09000022,Lambeth,Inner,2011,,,27.890555146186625,35700.0,,24600.0
E09000022,Lambeth,Inner,2012,65.9,,,,,
E09000022,Lambeth,Inner,2012,,,22.759090962947646,37600.0,,26000.0
E09000022,Lambeth,Inner,2013,57.0,,,,,
E09000022,Lambeth,Inner,2013,,,21.136092797357612,40600.0,,26800.0
E09000022,Lambeth,Inner,2014,56.5,,,,,
E09000022,Lambeth,Inner,2014,,,28.299999999999997,41100.0,,27300.0
E09000022,Lambeth,Inner,2015,,,28.680210923886428,43700.0,,28400.0
E09000022,Lambeth,Inner,2016,,,28.799999999999997,43900.0,,29200.0
E09000022,Lambeth,Inner,2017,,,29.830906149815274,45600.0,,29900.0
E09000022,Lambeth,Inner,2018,,,30.099999999999998,,,
E09000023,Lewisham,Inner,2004,,,,,180000.0,
E09000023,Lewisham,Inner,2005,,70.8,,,185000.0,
E09000023,Lewisham,Inner,2006,,70.0,,,204625.0,
E09000023,Lewisham,Inner,2007,,66.7,,,225000.0,
E09000023,Lewisham,Inner,2008,,70.5,,,227000.0,
E09000023,Lewisham,Inner,2009,,69.4,,,215000.0,
E09000023,Lewisham,Inner,2010,,64.1,,,235000.0,
E09000023,Lewisham,Inner,2011,,67.7,,,240000.0,
E09000023,Lewisham,Inner,2012,,67.5,,,249000.0,
E09000023,Lewisham,Inner,2013,,71.3,,,260000.0,
E09000023,Lewisham,Inner,2014,,74.8,,,315000.0,
E09000023,Lewisham,Inner,2015,,75.8,,,360000.0,
E09000023,Lewisham,Inner,2016,,74.8,,,386375.0,
E09000023,Lewisham,Inner,2017,,83.1,,,427500.0,
E09000023,Lewisham,Inner,2018,,78.8,,,419388.5,
E09000023,Lewisham,Inner,2019,,79.9,,,,
E09000023,Lewisham,Inner,2003,,,8.0,21500.0,,17000.0
E09000023,Lewisham,Inner,2004,,,10.0,23100.0,,18100.0
E09000023,Lewisham,Inner,2005,,,12.2,25200.0,,20000.0
E09000023,Lewisham,Inner,2006,41.5,,,,,
E09000023,Lewisham,Inner,2006,,,15.75,25800.0,,20900.0
E09000023,Lewisham,Inner,2007,45.9,,,,,
E09000023,Lewisham,Inner,2007,,,21.9875,27100.0,,21000.0
E09000023,Lewisham,Inner,2008,47.7,,,,,
E09000023,Lewisham,Inner,2008,,,20.548306519452176,,,
E09000023,Lewisham,Inner,2009,48.0,,,,,
E09000023,Lewisham,Inner,2009,,,16.848058703290985,28700.0,,22300.0
E09000023,Lewisham,Inner,2010,55.9,,,,,
E09000023,Lewisham,Inner,2010,,,18.097340811928735,29300.0,,23200.0
E09000023,Lewisham,Inner,2011,55.6,,,,,
E09000023,Lewisham,Inner,2011,,,17.15487121577885,29800.0,,22900.0
E09000023,Lewisham,Inner,2012,58.0,,,,,
E09000023,Lewisham,Inner,2012,,,20.026758125417494,30400.0,,23000.0
E09000023,Lewisham,Inner,2013,51.3,,,,,
E09000023,Lewisham,Inner,2013,,,17.66200458390688,31500.0,,24000.0
E09000023,Lewisham,Inner,2014,51.9,,,,,
E09000023,Lewisham,Inner,2014,,,17.1,32400.0,,24900.0
E09000023,Lewisham,Inner,2015,,,17.99949618393765,34500.0,,25800.0
E09000023,Lewisham,Inner,2016,,,17.7,35900.0,,26700.0
E09000023,Lewisham,Inner,2017,,,21.823293496442894,36800.0,,27300.0
E09000023,Lewisham,Inner,2018,,,28.000000000000004,,,
E09000024,Merton,Outer,2004,,,,,225000.0,
E09000024,Merton,Outer,2005,,70.2,,,233000.0,
E09000024,Merton,Outer,2006,,73.4,,,242000.0,
E09000024,Merton,Outer,2007,,77.8,,,264000.0,
E09000024,Merton,Outer,2008,,77.5,,,262250.0,
E09000024,Merton,Outer,2009,,73.2,,,250000.0,
E09000024,Merton,Outer,2010,,71.9,,,289000.0,
E09000024,Merton,Outer,2011,,71.3,,,295000.0,
E09000024,Merton,Outer,2012,,73.0,,,290000.0,
E09000024,Merton,Outer,2013,,76.1,,,320500.0,
E09000024,Merton,Outer,2014,,74.7,,,385000.0,
E09000024,Merton,Outer,2015,,78.8,,,420000.0,
E09000024,Merton,Outer,2016,,77.6,,,450000.0,
E09000024,Merton,Outer,2017,,79.6,,,470000.0,
E09000024,Merton,Outer,2018,,81.9,,,475000.0,
E09000024,Merton,Outer,2019,,80.3,,,,
E09000024,Merton,Outer,2003,,,15.0,31300.0,,19700.0
E09000024,Merton,Outer,2004,,,20.0,31600.0,,19400.0
E09000024,Merton,Outer,2005,,,22.59,34800.0,,20500.0
E09000024,Merton,Outer,2006,47.4,,,,,
E09000024,Merton,Outer,2006,,,25.05,37200.0,,21600.0
E09000024,Merton,Outer,2007,53.3,,,,,
E09000024,Merton,Outer,2007,,,27.0819,39400.0,,22300.0
E09000024,Merton,Outer,2008,55.4,,,,,
E09000024,Merton,Outer,2008,,,30.368258976871026,,,
E09000024,Merton,Outer,2009,52.4,,,,,
E09000024,Merton,Outer,2009,,,33.61637364016888,44000.0,,24100.0
E09000024,Merton,Outer,2010,59.8,,,,,
E09000024,Merton,Outer,2010,,,36.4460625975778,43100.0,,24700.0
E09000024,Merton,Outer,2011,59.1,,,,,
E09000024,Merton,Outer,2011,,,37.3113122332408,43700.0,,25200.0
E09000024,Merton,Outer,2012,62.6,,,,,
E09000024,Merton,Outer,2012,,,38.86190062171088,44400.0,,25800.0
E09000024,Merton,Outer,2013,64.2,,,,,
E09000024,Merton,Outer,2013,,,38.873275151237024,48700.0,,27800.0
E09000024,Merton,Outer,2014,60.0,,,,,
E09000024,Merton,Outer,2014,,,37.5,46900.0,,27600.0
E09000024,Merton,Outer,2015,,,34.84828837877785,50800.0,,28500.0
E09000024,Merton,Outer,2016,,,35.699999999999996,53200.0,,29500.0
E09000024,Merton,Outer,2017,,,36.97291810581817,54600.0,,30200.0
E09000024,Merton,Outer,2018,,,38.5,,,
E09000025,Newham,Inner,2004,,,,,187000.0,
E09000025,Newham,Inner,2005,,55.8,,,197600.0,
E09000025,Newham,Inner,2006,,56.9,,,212000.0,
E09000025,Newham,Inner,2007,,57.3,,,230000.0,
E09000025,Newham,Inner,2008,,59.7,,,235000.0,
E09000025,Newham,Inner,2009,,55.5,,,200000.0,
E09000025,Newham,Inner,2010,,54.8,,,220000.0,
E09000025,Newham,Inner,2011,,54.4,,,219000.0,
E09000025,Newham,Inner,2012,,60.1,,,219000.0,
E09000025,Newham,Inner,2013,,62.0,,,230000.0,
E09000025,Newham,Inner,2014,,60.6,,,250000.0,
E09000025,Newham,Inner,2015,,66.2,,,310000.0,
E09000025,Newham,Inner,2016,,71.0,,,355000.0,
E09000025,Newham,Inner,2017,,68.7,,,392500.0,
E09000025,Newham,Inner,2018,,68.7,,,415000.0,
E09000025,Newham,Inner,2019,,71.1,,,,
E09000025,Newham,Inner,2003,,,2.0,17400.0,,14500.0
E09000025,Newham,Inner,2004,,,6.0,18500.0,,15100.0
E09000025,Newham,Inner,2005,,,10.13,19200.0,,15200.0
E09000025,Newham,Inner,2006,44.1,,,,,
E09000025,Newham,Inner,2006,,,13.58,19600.0,,15800.0
E09000025,Newham,Inner,2007,45.7,,,,,
E09000025,Newham,Inner,2007,,,14.3977,21000.0,,16500.0
E09000025,Newham,Inner,2008,47.9,,,,,
E09000025,Newham,Inner,2008,,,15.404461770928988,,,
E09000025,Newham,Inner,2009,52.1,,,,,
E09000025,Newham,Inner,2009,,,18.79857211778396,21900.0,,17600.0
E09000025,Newham,Inner,2010,58.5,,,,,
E09000025,Newham,Inner,2010,,,14.918162482042034,21700.0,,17400.0
E09000025,Newham,Inner,2011,61.9,,,,,
E09000025,Newham,Inner,2011,,,22.66007004109646,22000.0,,17600.0
E09000025,Newham,Inner,2012,58.4,,,,,
E09000025,Newham,Inner,2012,,,21.037495232727125,23100.0,,18500.0
E09000025,Newham,Inner,2013,55.4,,,,,
E09000025,Newham,Inner,2013,,,17.650115594026563,24800.0,,20100.0
E09000025,Newham,Inner,2014,59.4,,,,,
E09000025,Newham,Inner,2014,,,17.2,25400.0,,20200.0
E09000025,Newham,Inner,2015,,,14.691168264361934,27300.0,,22100.0
E09000025,Newham,Inner,2016,,,14.099999999999998,28200.0,,22500.0
E09000025,Newham,Inner,2017,,,14.12815713885484,30000.0,,24100.0
E09000025,Newham,Inner,2018,,,16.900000000000002,,,
E09000026,Redbridge,Outer,2004,,,,,217500.0,
E09000026,Redbridge,Outer,2005,,64.8,,,225000.0,
E09000026,Redbridge,Outer,2006,,67.5,,,238000.0,
E09000026,Redbridge,Outer,2007,,66.1,,,250000.0,
E09000026,Redbridge,Outer,2008,,65.7,,,250000.0,
E09000026,Redbridge,Outer,2009,,66.9,,,230000.0,
E09000026,Redbridge,Outer,2010,,64.4,,,250000.0,
E09000026,Redbridge,Outer,2011,,63.0,,,250000.0,
E09000026,Redbridge,Outer,2012,,65.7,,,265000.0,
E09000026,Redbridge,Outer,2013,,67.1,,,274997.5,
E09000026,Redbridge,Outer,2014,,69.6,,,300000.0,
E09000026,Redbridge,Outer,2015,,68.6,,,350000.0,
E09000026,Redbridge,Outer,2016,,72.6,,,390000.0,
E09000026,Redbridge,Outer,2017,,70.4,,,420000.0,
E09000026,Redbridge,Outer,2018,,69.0,,,430000.0,
E09000026,Redbridge,Outer,2019,,70.2,,,,
E09000026,Redbridge,Outer,2003,,,9.0,24100.0,,19000.0
E09000026,Redbridge,Outer,2004,,,16.0,24500.0,,17800.0
E09000026,Redbridge,Outer,2005,,,17.34,26500.0,,20000.0
E09000026,Redbridge,Outer,2006,61.3,,,,,
E09000026,Redbridge,Outer,2006,,,18.6,28300.0,,20700.0
E09000026,Redbridge,Outer,2007,62.7,,,,,
E09000026,Redbridge,Outer,2007,,,22.382800000000003,29100.0,,21600.0
E09000026,Redbridge,Outer,2008,63.4,,,,,
E09000026,Redbridge,Outer,2008,,,26.248486980205875,,,
E09000026,Redbridge,Outer,2009,69.3,,,,,
E09000026,Redbridge,Outer,2009,,,31.584454145900303,30200.0,,22300.0
E09000026,Redbridge,Outer,2010,68.5,,,,,
E09000026,Redbridge,Outer,2010,,,27.563674105249547,29400.0,,22200.0
E09000026,Redbridge,Outer,2011,70.6,,,,,
E09000026,Redbridge,Outer,2011,,,32.53413885725972,30900.0,,22900.0
E09000026,Redbridge,Outer,2012,70.2,,,,,
E09000026,Redbridge,Outer,2012,,,29.441800595655486,31800.0,,23800.0
E09000026,Redbridge,Outer,2013,68.1,,,,,
E09000026,Redbridge,Outer,2013,,,29.32212111440238,33100.0,,25100.0
E09000026,Redbridge,Outer,2014,63.4,,,,,
E09000026,Redbridge,Outer,2014,,,28.7,33900.0,,25700.0
E09000026,Redbridge,Outer,2015,,,27.734074254286185,35300.0,,26400.0
E09000026,Redbridge,Outer,2016,,,26.700000000000003,35500.0,,27400.0
E09000026,Redbridge,Outer,2017,,,23.906444632774505,37100.0,,28000.0
E09000026,Redbridge,Outer,2018,,,24.9,,,
E09000027,Richmond upon Thames,Outer,2004,,,,,292500.0,
E09000027,Richmond upon Thames,Outer,2005,,76.2,,,299950.0,
E09000027,Richmond upon Thames,Outer,2006,,75.7,,,330000.0,
E09000027,Richmond upon Thames,Outer,2007,,77.1,,,380000.0,
E09000027,Richmond upon Thames,Outer,2008,,75.8,,,375000.0,
E09000027,Richmond upon Thames,Outer,2009,,74.1,,,377750.0,
E09000027,Richmond upon Thames,Outer,2010,,74.7,,,400000.0,
E09000027,Richmond upon Thames,Outer,2011,,74.5,,,420000.0,
E09000027,Richmond upon Thames,Outer,2012,,75.6,,,430000.0,
E09000027,Richmond upon Thames,Outer,2013,,77.1,,,475000.0,
E09000027,Richmond upon Thames,Outer,2014,,78.1,,,534995.0,
E09000027,Richmond upon Thames,Outer,2015,,79.5,,,577500.0,
E09000027,Richmond upon Thames,Outer,2016,,79.5,,,605000.0,
E09000027,Richmond upon Thames,Outer,2017,,74.1,,,640750.0,
E09000027,Richmond upon Thames,Outer,2018,,77.8,,,638725.0,
E09000027,Richmond upon Thames,Outer,2019,,81.3,,,,
E09000027,Richmond upon Thames,Outer,2003,,,24.0,42700.0,,25600.0
E09000027,Richmond upon Thames,Outer,2004,,,24.0,41800.0,,24500.0
E09000027,Richmond upon Thames,Outer,2005,,,28.59,47500.0,,25800.0
E09000027,Richmond upon Thames,Outer,2006,62.1,,,,,
E09000027,Richmond upon Thames,Outer,2006,,,31.71,52500.0,,27300.0
E09000027,Richmond upon Thames,Outer,2007,64.5,,,,,
E09000027,Richmond upon Thames,Outer,2007,,,36.144400000000005,56900.0,,29100.0
E09000027,Richmond upon Thames,Outer,2008,63.6,,,,,
E09000027,Richmond upon Thames,Outer,2008,,,41.731634015246215,,,
E09000027,Richmond upon Thames,Outer,2009,61.4,,,,,
E09000027,Richmond upon Thames,Outer,2009,,,43.01400177922091,58900.0,,30800.0
E09000027,Richmond upon Thames,Outer,2010,63.2,,,,,
E09000027,Richmond upon Thames,Outer,2010,,,43.35801421032908,56300.0,,30600.0
E09000027,Richmond upon Thames,Outer,2011,62.6,,,,,
E09000027,Richmond upon Thames,Outer,2011,,,44.71833558633209,57400.0,,31500.0
E09000027,Richmond upon Thames,Outer,2012,68.3,,,,,
E09000027,Richmond upon Thames,Outer,2012,,,46.031263015189865,58800.0,,33400.0
E09000027,Richmond upon Thames,Outer,2013,63.5,,,,,
E09000027,Richmond upon Thames,Outer,2013,,,43.28610232501284,64000.0,,33700.0
E09000027,Richmond upon Thames,Outer,2014,64.7,,,,,
E09000027,Richmond upon Thames,Outer,2014,,,41.199999999999996,64600.0,,35800.0
E09000027,Richmond upon Thames,Outer,2015,,,40.51454430258048,67300.0,,35500.0
E09000027,Richmond upon Thames,Outer,2016,,,42.4,67000.0,,36600.0
E09000027,Richmond upon Thames,Outer,2017,,,41.856481436968224,69000.0,,36100.0
E09000027,Richmond upon Thames,Outer,2018,,,42.5,,,
E09000028,Southwark,Inner,2004,,,,,224997.5,
E09000028,Southwark,Inner,2005,,63.5,,,239995.0,
E09000028,Southwark,Inner,2006,,64.5,,,247500.0,
E09000028,Southwark,Inner,2007,,64.9,,,275000.0,
E09000028,Southwark,Inner,2008,,66.8,,,278000.0,
E09000028,Southwark,Inner,2009,,65.7,,,285000.0,
E09000028,Southwark,Inner,2010,,68.7,,,314500.0,
E09000028,Southwark,Inner,2011,,63.3,,,320000.0,
E09000028,Southwark,Inner,2012,,68.8,,,332500.0,
E09000028,Southwark,Inner,2013,,65.0,,,350000.0,
E09000028,Southwark,Inner,2014,,72.0,,,420000.0,
E09000028,Southwark,Inner,2015,,74.3,,,475000.0,
E09000028,Southwark,Inner,2016,,75.5,,,515000.0,
E09000028,Southwark,Inner,2017,,78.9,,,530000.0,
E09000028,Southwark,Inner,2018,,77.3,,,572500.0,
E09000028,Southwark,Inner,2019,,78.1,,,,
E09000028,Southwark,Inner,2003,,,7.0,25400.0,,18200.0
E09000028,Southwark,Inner,2004,,,11.0,26300.0,,17800.0
E09000028,Southwark,Inner,2005,,,14.96,29500.0,,20000.0
E09000028,Southwark,Inner,2006,41.2,,,,,
E09000028,Southwark,Inner,2006,,,18.46,31800.0,,20400.0
E09000028,Southwark,Inner,2007,45.5,,,,,
E09000028,Southwark,Inner,2007,,,20.0216,36000.0,,21900.0
E09000028,Southwark,Inner,2008,49.2,,,,,
E09000028,Southwark,Inner,2008,,,20.89019030797403,,,
E09000028,Southwark,Inner,2009,56.1,,,,,
E09000028,Southwark,Inner,2009,,,22.131032249508415,36800.0,,23300.0
E09000028,Southwark,Inner,2010,58.0,,,,,
E09000028,Southwark,Inner,2010,,,25.142764945788677,35400.0,,23800.0
E09000028,Southwark,Inner,2011,58.8,,,,,
E09000028,Southwark,Inner,2011,,,27.280310609456443,36500.0,,24300.0
E09000028,Southwark,Inner,2012,65.2,,,,,
E09000028,Southwark,Inner,2012,,,30.382880701042165,37500.0,,25000.0
E09000028,Southwark,Inner,2013,62.4,,,,,
E09000028,Southwark,Inner,2013,,,34.30065479251569,40500.0,,26200.0
E09000028,Southwark,Inner,2014,64.3,,,,,
E09000028,Southwark,Inner,2014,,,34.599999999999994,41600.0,,27700.0
E09000028,Southwark,Inner,2015,,,34.952757409478586,44200.0,,27100.0
E09000028,Southwark,Inner,2016,,,34.0,45400.0,,29400.0
E09000028,Southwark,Inner,2017,,,34.72759324036216,48600.0,,29400.0
E09000028,Southwark,Inner,2018,,,35.199999999999996,,,
E09000029,Sutton,Outer,2004,,,,,188500.0,
E09000029,Sutton,Outer,2005,,79.3,,,200000.0,
E09000029,Sutton,Outer,2006,,77.7,,,210000.0,
E09000029,Sutton,Outer,2007,,75.2,,,233000.0,
E09000029,Sutton,Outer,2008,,76.5,,,230000.0,
E09000029,Sutton,Outer,2009,,77.2,,,210000.0,
E09000029,Sutton,Outer,2010,,75.5,,,235000.0,
E09000029,Sutton,Outer,2011,,73.3,,,233000.0,
E09000029,Sutton,Outer,2012,,74.8,,,240000.0,
E09000029,Sutton,Outer,2013,,77.9,,,250000.0,
E09000029,Sutton,Outer,2014,,78.1,,,285000.0,
E09000029,Sutton,Outer,2015,,78.1,,,320000.0,
E09000029,Sutton,Outer,2016,,79.5,,,347500.0,
E09000029,Sutton,Outer,2017,,79.1,,,365000.0,
E09000029,Sutton,Outer,2018,,80.1,,,385000.0,
E09000029,Sutton,Outer,2019,,78.5,,,,
E09000029,Sutton,Outer,2003,,,25.0,24600.0,,18400.0
E09000029,Sutton,Outer,2004,,,28.0,25600.0,,18900.0
E09000029,Sutton,Outer,2005,,,29.07,26300.0,,20200.0
E09000029,Sutton,Outer,2006,56.5,,,,,
E09000029,Sutton,Outer,2006,,,30.26,28400.0,,21400.0
E09000029,Sutton,Outer,2007,57.5,,,,,
E09000029,Sutton,Outer,2007,,,32.4759,30000.0,,22500.0
E09000029,Sutton,Outer,2008,59.3,,,,,
E09000029,Sutton,Outer,2008,,,31.995702050990438,,,
E09000029,Sutton,Outer,2009,70.6,,,,,
E09000029,Sutton,Outer,2009,,,37.5111724247452,30000.0,,23200.0
E09000029,Sutton,Outer,2010,74.7,,,,,
E09000029,Sutton,Outer,2010,,,37.54841063552584,29100.0,,22300.0
E09000029,Sutton,Outer,2011,75.9,,,,,
E09000029,Sutton,Outer,2011,,,37.36550327214191,31400.0,,25300.0
E09000029,Sutton,Outer,2012,77.0,,,,,
E09000029,Sutton,Outer,2012,,,36.52932133175294,32400.0,,25000.0
E09000029,Sutton,Outer,2013,72.1,,,,,
E09000029,Sutton,Outer,2013,,,37.055298319812294,32800.0,,25100.0
E09000029,Sutton,Outer,2014,70.4,,,,,
E09000029,Sutton,Outer,2014,,,37.6,33600.0,,25900.0
E09000029,Sutton,Outer,2015,,,34.71920134665667,35400.0,,27400.0
E09000029,Sutton,Outer,2016,,,36.5,35500.0,,27300.0
E09000029,Sutton,Outer,2017,,,50.04881450488145,36900.0,,28200.0
E09000029,Sutton,Outer,2018,,,49.1,,,
E09000030,Tower Hamlets,Inner,2004,,,,,230000.0,
E09000030,Tower Hamlets,Inner,2005,,57.3,,,238000.0,
E09000030,Tower Hamlets,Inner,2006,,53.1,,,249995.0,
E09000030,Tower Hamlets,Inner,2007,,55.5,,,290000.0,
E09000030,Tower Hamlets,Inner,2008,,61.2,,,289997.5,
E09000030,Tower Hamlets,Inner,2009,,59.5,,,290000.0,
E09000030,Tower Hamlets,Inner,2010,,61.1,,,305000.0,
E09000030,Tower Hamlets,Inner,2011,,60.0,,,300000.0,
E09000030,Tower Hamlets,Inner,2012,,61.5,,,305000.0,
E09000030,Tower Hamlets,Inner,2013,,63.2,,,329325.0,
E09000030,Tower Hamlets,Inner,2014,,68.5,,,384975.0,
E09000030,Tower Hamlets,Inner,2015,,70.5,,,425000.0,
E09000030,Tower Hamlets,Inner,2016,,69.3,,,470000.0,
E09000030,Tower Hamlets,Inner,2017,,62.1,,,490000.0,
E09000030,Tower Hamlets,Inner,2018,,72.9,,,480000.0,
E09000030,Tower Hamlets,Inner,2019,,71.4,,,,
E09000030,Tower Hamlets,Inner,2003,,,5.0,28300.0,,18300.0
E09000030,Tower Hamlets,Inner,2004,,,7.0,29600.0,,19200.0
E09000030,Tower Hamlets,Inner,2005,,,8.85,31500.0,,19800.0
E09000030,Tower Hamlets,Inner,2006,37.3,,,,,
E09000030,Tower Hamlets,Inner,2006,,,11.75,33500.0,,19400.0
E09000030,Tower Hamlets,Inner,2007,42.5,,,,,
E09000030,Tower Hamlets,Inner,2007,,,13.0402,37400.0,,21200.0
E09000030,Tower Hamlets,Inner,2008,46.4,,,,,
E09000030,Tower Hamlets,Inner,2008,,,19.327108731409776,,,
E09000030,Tower Hamlets,Inner,2009,51.8,,,,,
E09000030,Tower Hamlets,Inner,2009,,,26.38848590930704,38300.0,,24500.0
E09000030,Tower Hamlets,Inner,2010,61.4,,,,,
E09000030,Tower Hamlets,Inner,2010,,,24.5577072580672,37400.0,,24000.0
E09000030,Tower Hamlets,Inner,2011,61.8,,,,,
E09000030,Tower Hamlets,Inner,2011,,,27.129607670089733,38200.0,,24700.0
E09000030,Tower Hamlets,Inner,2012,64.7,,,,,
E09000030,Tower Hamlets,Inner,2012,,,27.64992832720217,39000.0,,25800.0
E09000030,Tower Hamlets,Inner,2013,59.7,,,,,
E09000030,Tower Hamlets,Inner,2013,,,27.98795335093502,40800.0,,27000.0
E09000030,Tower Hamlets,Inner,2014,64.6,,,,,
E09000030,Tower Hamlets,Inner,2014,,,28.1,41800.0,,26600.0
E09000030,Tower Hamlets,Inner,2015,,,26.706952995831116,45000.0,,28900.0
E09000030,Tower Hamlets,Inner,2016,,,27.6,46600.0,,30500.0
E09000030,Tower Hamlets,Inner,2017,,,26.449413171049773,46600.0,,30200.0
E09000030,Tower Hamlets,Inner,2018,,,23.200000000000003,,,
E09000031,Waltham Forest,Outer,2004,,,,,188000.0,
E09000031,Waltham Forest,Outer,2005,,66.3,,,198500.0,
E09000031,Waltham Forest,Outer,2006,,66.9,,,215000.0,
E09000031,Waltham Forest,Outer,2007,,66.5,,,239500.0,
E09000031,Waltham Forest,Outer,2008,,64.2,,,232000.0,
E09000031,Waltham Forest,Outer,2009,,65.2,,,211000.0,
E09000031,Waltham Forest,Outer,2010,,63.9,,,230000.0,
E09000031,Waltham Forest,Outer,2011,,67.8,,,231500.0,
E09000031,Waltham Forest,Outer,2012,,67.7,,,241500.0,
E09000031,Waltham Forest,Outer,2013,,70.8,,,265000.0,
E09000031,Waltham Forest,Outer,2014,,68.3,,,320000.0,
E09000031,Waltham Forest,Outer,2015,,73.2,,,371950.0,
E09000031,Waltham Forest,Outer,2016,,74.8,,,421500.0,
E09000031,Waltham Forest,Outer,2017,,78.0,,,445000.0,
E09000031,Waltham Forest,Outer,2018,,78.2,,,445250.0,
E09000031,Waltham Forest,Outer,2019,,74.4,,,,
E09000031,Waltham Forest,Outer,2003,,,12.0,20100.0,,16800.0
E09000031,Waltham Forest,Outer,2004,,,18.0,20800.0,,16600.0
E09000031,Waltham Forest,Outer,2005,,,21.85,22000.0,,17700.0
E09000031,Waltham Forest,Outer,2006,45.0,,,,,
E09000031,Waltham Forest,Outer,2006,,,27.51,23100.0,,17900.0
E09000031,Waltham Forest,Outer,2007,47.6,,,,,
E09000031,Waltham Forest,Outer,2007,,,29.738599999999998,23200.0,,18200.0
E09000031,Waltham Forest,Outer,2008,49.7,,,,,
E09000031,Waltham Forest,Outer,2008,,,27.84295203523714,,,
E09000031,Waltham Forest,Outer,2009,50.9,,,,,
E09000031,Waltham Forest,Outer,2009,,,27.92473955160689,24800.0,,20600.0
E09000031,Waltham Forest,Outer,2010,54.3,,,,,
E09000031,Waltham Forest,Outer,2010,,,27.327090724569103,24400.0,,19700.0
E09000031,Waltham Forest,Outer,2011,52.6,,,,,
E09000031,Waltham Forest,Outer,2011,,,27.0509559346457,25300.0,,20300.0
E09000031,Waltham Forest,Outer,2012,56.7,,,,,
E09000031,Waltham Forest,Outer,2012,,,30.790735581401098,26200.0,,21400.0
E09000031,Waltham Forest,Outer,2013,56.7,,,,,
E09000031,Waltham Forest,Outer,2013,,,32.57001562345798,27000.0,,21900.0
E09000031,Waltham Forest,Outer,2014,57.4,,,,,
E09000031,Waltham Forest,Outer,2014,,,35.5,28200.0,,22700.0
E09000031,Waltham Forest,Outer,2015,,,34.59382757683055,29400.0,,23900.0
E09000031,Waltham Forest,Outer,2016,,,34.4,30300.0,,24500.0
E09000031,Waltham Forest,Outer,2017,,,32.481245372930076,31900.0,,25500.0
E09000031,Waltham Forest,Outer,2018,,,31.6,,,
E09000032,Wandsworth,Inner,2004,,,,,262500.0,
E09000032,Wandsworth,Inner,2005,,72.8,,,278000.0,
E09000032,Wandsworth,Inner,2006,,71.3,,,312000.0,
E09000032,Wandsworth,Inner,2007,,73.9,,,355000.0,
E09000032,Wandsworth,Inner,2008,,76.6,,,350000.0,
E09000032,Wandsworth,Inner,2009,,77.6,,,350000.0,
E09000032,Wandsworth,Inner,2010,,72.5,,,380000.0,
E09000032,Wandsworth,Inner,2011,,75.5,,,390000.0,
E09000032,Wandsworth,Inner,2012,,74.5,,,415500.0,
E09000032,Wandsworth,Inner,2013,,74.3,,,465000.0,
E09000032,Wandsworth,Inner,2014,,79.4,,,532500.0,
E09000032,Wandsworth,Inner,2015,,78.5,,,560000.0,
E09000032,Wandsworth,Inner,2016,,80.2,,,644000.0,
E09000032,Wandsworth,Inner,2017,,79.8,,,651400.0,
E09000032,Wandsworth,Inner,2018,,80.6,,,620000.0,
E09000032,Wandsworth,Inner,2019,,80.5,,,,
E09000032,Wandsworth,Inner,2003,,,18.0,37800.0,,22600.0
E09000032,Wandsworth,Inner,2004,,,17.0,38200.0,,22000.0
E09000032,Wandsworth,Inner,2005,,,20.96,44100.0,,24500.0
E09000032,Wandsworth,Inner,2006,47.2,,,,,
E09000032,Wandsworth,Inner,2006,,,22.87,45400.0,,25300.0
E09000032,Wandsworth,Inner,2007,48.3,,,,,
E09000032,Wandsworth,Inner,2007,,,24.66,49500.0,,26100.0
E09000032,Wandsworth,Inner,2008,51.4,,,,,
E09000032,Wandsworth,Inner,2008,,,26.56914956944338,,,
E09000032,Wandsworth,Inner,2009,58.1,,,,,
E09000032,Wandsworth,Inner,2009,,,24.985859390120925,52800.0,,29200.0
E09000032,Wandsworth,Inner,2010,61.7,,,,,
E09000032,Wandsworth,Inner,2010,,,26.737404811752246,50700.0,,29000.0
E09000032,Wandsworth,Inner,2011,58.3,,,,,
E09000032,Wandsworth,Inner,2011,,,28.41696050178531,53400.0,,29400.0
E09000032,Wandsworth,Inner,2012,61.3,,,,,
E09000032,Wandsworth,Inner,2012,,,23.454952433147174,54700.0,,31000.0
E09000032,Wandsworth,Inner,2013,59.1,,,,,
E09000032,Wandsworth,Inner,2013,,,20.440027159014022,59900.0,,31900.0
E09000032,Wandsworth,Inner,2014,58.2,,,,,
E09000032,Wandsworth,Inner,2014,,,20.7,59200.0,,32900.0
E09000032,Wandsworth,Inner,2015,,,21.103315986957153,63600.0,,34200.0
E09000032,Wandsworth,Inner,2016,,,21.9,64900.0,,35000.0
E09000032,Wandsworth,Inner,2017,,,22.085339995442375,67900.0,,34500.0
E09000032,Wandsworth,Inner,2018,,,23.200000000000003,,,
E09000033,Westminster,Inner,2004,,,,,346150.0,
E09000033,Westminster,Inner,2005,,63.3,,,375000.0,
E09000033,Westminster,Inner,2006,,62.0,,,411399.5,
E09000033,Westminster,Inner,2007,,62.9,,,475000.0,
E09000033,Westminster,Inner,2008,,62.5,,,495000.0,
E09000033,Westminster,Inner,2009,,66.6,,,499999.0,
E09000033,Westminster,Inner,2010,,61.8,,,580000.0,
E09000033,Westminster,Inner,2011,,62.9,,,602500.0,
E09000033,Westminster,Inner,2012,,64.4,,,635000.0,
E09000033,Westminster,Inner,2013,,66.7,,,725000.0,
E09000033,Westminster,Inner,2014,,66.5,,,875000.0,
E09000033,Westminster,Inner,2015,,65.6,,,890000.0,
E09000033,Westminster,Inner,2016,,67.6,,,1022000.0,
E09000033,Westminster,Inner,2017,,66.0,,,1040000.0,
E09000033,Westminster,Inner,2018,,68.2,,,1020000.0,
E09000033,Westminster,Inner,2019,,71.3,,,,
E09000033,Westminster,Inner,2003,,,11.0,57500.0,,23500.0
E09000033,Westminster,Inner,2004,,,15.0,56500.0,,23100.0
E09000033,Westminster,Inner,2005,,,18.29,68100.0,,27100.0
E09000033,Westminster,Inner,2006,44.3,,,,,
E09000033,Westminster,Inner,2006,,,20.38,73600.0,,27000.0
E09000033,Westminster,Inner,2007,46.5,,,,,
E09000033,Westminster,Inner,2007,,,22.7198,82600.0,,29200.0
E09000033,Westminster,Inner,2008,50.3,,,,,
E09000033,Westminster,Inner,2008,,,23.037298257662854,,,
E09000033,Westminster,Inner,2009,62.5,,,,,
E09000033,Westminster,Inner,2009,,,24.078801291192082,93500.0,,31900.0
E09000033,Westminster,Inner,2010,63.1,,,,,
E09000033,Westminster,Inner,2010,,,25.274247869534555,83400.0,,31400.0
E09000033,Westminster,Inner,2011,69.9,,,,,
E09000033,Westminster,Inner,2011,,,25.09049362185598,88200.0,,32400.0
E09000033,Westminster,Inner,2012,69.6,,,,,
E09000033,Westminster,Inner,2012,,,21.703462082725444,92200.0,,35200.0
E09000033,Westminster,Inner,2013,68.1,,,,,
E09000033,Westminster,Inner,2013,,,21.074779357438512,107000.0,,36400.0
E09000033,Westminster,Inner,2014,67.5,,,,,
E09000033,Westminster,Inner,2014,,,19.1,104000.0,,35100.0
E09000033,Westminster,Inner,2015,,,17.266120463000398,109000.0,,37800.0
E09000033,Westminster,Inner,2016,,,17.4,107000.0,,36100.0
E09000033,Westminster,Inner,2017,,,18.846206550038826,124000.0,,39700.0
E09000033,Westminster,Inner,2018,,,21.7,,,
E12000001,North East,National,2004,,,,,96000.0,
E12000001,North East,National,2005,,68.2,,,108950.0,
E12000001,North East,National,2006,,69.2,,,119000.0,
E12000001,North East,National,2007,,69.6,,,122500.0,
E12000001,North East,National,2008,,68.3,,,120000.0,
E12000001,North East,National,2009,,66.5,,,120000.0,
E12000001,North East,National,2010,,66.9,,,122000.0,
E12000001,North East,National,2011,,65.6,,,117497.5,
E12000001,North East,National,2012,,67.1,,,120000.0,
E12000001,North East,National,2013,,66.9,,,122500.0,
E12000001,North East,National,2014,,69.4,,,125950.0,
E12000001,North East,National,2015,,68.9,,,132500.0,
E12000001,North East,National,2016,,70.6,,,134950.0,
E12000001,North East,National,2017,,72.2,,,136000.0,
E12000001,North East,National,2018,,71.9,,,140000.0,
E12000001,North East,National,2019,,71.1,,,,
E12000001,North East,National,2003,,,12.2,18500.0,,14800.0
E12000001,North East,National,2004,,,15.400922554186526,19100.0,,15000.0
E12000001,North East,National,2005,,,21.073538972350143,20200.0,,15500.0
E12000001,North East,National,2006,42.0,,,,,
E12000001,North East,National,2006,,,26.36774424132825,21000.0,,16300.0
E12000001,North East,National,2007,45.0,,,,,
E12000001,North East,National,2007,,,28.44234515889097,22100.0,,17100.0
E12000001,North East,National,2008,48.1,,,,,
E12000001,North East,National,2008,,,31.13284912791378,,,
E12000001,North East,National,2009,52.8,,,,,
E12000001,North East,National,2009,,,34.65845745515045,23900.0,,18400.0
E12000001,North East,National,2010,56.8,,,,,
E12000001,North East,National,2010,,,36.1391021331427,22900.0,,18000.0
E12000001,North East,National,2011,58.5,,,,,
E12000001,North East,National,2011,,,37.90974983657112,24300.0,,19100.0
E12000001,North East,National,2012,59.3,,,,,
E12000001,North East,National,2012,,,37.0090469179794,25000.0,,19700.0
E12000001,North East,National,2013,54.6,,,,,
E12000001,North East,National,2013,,,37.874702947917875,26000.0,,20400.0
E12000001,North East,National,2014,55.4,,,,,
E12000001,North East,National,2014,,,38.0,26600.0,,20800.0
E12000001,North East,National,2015,,,38.0,27600.0,,21500.0
E12000001,North East,National,2016,,,35.699999999999996,27600.0,,22100.0
E12000001,North East,National,2017,,,34.54883657213063,28500.0,,22600.0
E12000001,North East,National,2018,,,35.099999999999994,,,
E12000002,North West,National,2004,,,,,108000.0,
E12000002,North West,National,2005,,71.3,,,119000.0,
E12000002,North West,National,2006,,71.4,,,127900.0,
E12000002,North West,National,2007,,70.7,,,134950.0,
E12000002,North West,National,2008,,69.9,,,129950.0,
E12000002,North West,National,2009,,68.9,,,130000.0,
E12000002,North West,National,2010,,69.1,,,130000.0,
E12000002,North West,National,2011,,68.7,,,127000.0,
E12000002,North West,National,2012,,69.4,,,130000.0,
E12000002,North West,National,2013,,68.8,,,132000.0,
E12000002,North West,National,2014,,70.3,,,138500.0,
E12000002,North West,National,2015,,72.0,,,145000.0,
E12000002,North West,National,2016,,72.8,,,150000.0,
E12000002,North West,National,2017,,73.9,,,157000.0,
E12000002,North West,National,2018,,74.5,,,161000.0,
E12000002,North West,National,2019,,75.2,,,,
E12000002,North West,National,2003,,,14.2,19500.0,,14900.0
E12000002,North West,National,2004,,,19.207470484996666,20500.0,,15500.0
E12000002,North West,National,2005,,,23.750412915977588,21700.0,,16100.0
E12000002,North West,National,2006,44.7,,,,,
E12000002,North West,National,2006,,,28.916885811443173,22300.0,,16600.0
E12000002,North West,National,2007,47.5,,,,,
E12000002,North West,National,2007,,,33.39138298628443,23300.0,,17400.0
E12000002,North West,National,2008,49.9,,,,,
E12000002,North West,National,2008,,,36.61913646213954,,,
E12000002,North West,National,2009,55.2,,,,,
E12000002,North West,National,2009,,,38.4817457802328,24900.0,,18500.0
E12000002,North West,National,2010,58.4,,,,,
E12000002,North West,National,2010,,,39.77161784181194,24200.0,,18400.0
E12000002,North West,National,2011,58.9,,,,,
E12000002,North West,National,2011,,,42.64442337295266,25400.0,,19200.0
E12000002,North West,National,2012,59.9,,,,,
E12000002,North West,National,2012,,,43.90225112002374,26000.0,,19700.0
E12000002,North West,National,2013,55.8,,,,,
E12000002,North West,National,2013,,,45.64320301397641,27300.0,,20600.0
E12000002,North West,National,2014,55.9,,,,,
E12000002,North West,National,2014,,,46.5,28000.0,,21100.0
E12000002,North West,National,2015,,,46.5,29300.0,,21900.0
E12000002,North West,National,2016,,,45.9,29400.0,,22300.0
E12000002,North West,National,2017,,,44.68566447547635,30300.0,,23100.0
E12000002,North West,National,2018,,,45.300000000000004,,,
E12000003,Yorkshire and The Humber,National,2004,,,,,110000.0,
E12000003,Yorkshire and The Humber,National,2005,,72.7,,,119995.0,
E12000003,Yorkshire and The Humber,National,2006,,72.1,,,128500.0,
E12000003,Yorkshire and The Humber,National,2007,,71.3,,,135000.0,
E12000003,Yorkshire and The Humber,National,2008,,71.4,,,130000.0,
E12000003,Yorkshire and The Humber,National,2009,,69.2,,,130000.0,
E12000003,Yorkshire and The Humber,National,2010,,68.8,,,135000.0,
E12000003,Yorkshire and The Humber,National,2011,,68.2,,,130000.0,
E12000003,Yorkshire and The Humber,National,2012,,69.6,,,130000.0,
E12000003,Yorkshire and The Humber,National,2013,,70.7,,,134950.0,
E12000003,Yorkshire and The Humber,National,2014,,72.0,,,139995.0,
E12000003,Yorkshire and The Humber,National,2015,,71.8,,,145000.0,
E12000003,Yorkshire and The Humber,National,2016,,72.7,,,150000.0,
E12000003,Yorkshire and The Humber,National,2017,,73.3,,,155000.0,
E12000003,Yorkshire and The Humber,National,2018,,73.9,,,160000.0,
E12000003,Yorkshire and The Humber,National,2019,,73.7,,,,
E12000003,Yorkshire and The Humber,National,2003,,,14.5,19400.0,,15100.0
E12000003,Yorkshire and The Humber,National,2004,,,18.615078821806403,20300.0,,15500.0
E12000003,Yorkshire and The Humber,National,2005,,,21.75463959354651,21400.0,,16200.0
E12000003,Yorkshire and The Humber,National,2006,42.6,,,,,
E12000003,Yorkshire and The Humber,National,2006,,,26.898763939698256,22100.0,,16600.0
E12000003,Yorkshire and The Humber,National,2007,44.5,,,,,
E12000003,Yorkshire and The Humber,National,2007,,,30.51604803897424,23100.0,,17400.0
E12000003,Yorkshire and The Humber,National,2008,47.3,,,,,
E12000003,Yorkshire and The Humber,National,2008,,,33.83220473502779,,,
E12000003,Yorkshire and The Humber,National,2009,52.1,,,,,
E12000003,Yorkshire and The Humber,National,2009,,,36.83297923925098,24600.0,,18200.0
E12000003,Yorkshire and The Humber,National,2010,54.6,,,,,
E12000003,Yorkshire and The Humber,National,2010,,,39.46547847702239,23800.0,,18200.0
E12000003,Yorkshire and The Humber,National,2011,57.3,,,,,
E12000003,Yorkshire and The Humber,National,2011,,,41.926492023271734,24900.0,,19000.0
E12000003,Yorkshire and The Humber,National,2012,59.5,,,,,
E12000003,Yorkshire and The Humber,National,2012,,,43.30913606283075,25600.0,,19600.0
E12000003,Yorkshire and The Humber,National,2013,53.9,,,,,
E12000003,Yorkshire and The Humber,National,2013,,,43.85381193722397,26700.0,,20400.0
E12000003,Yorkshire and The Humber,National,2014,55.1,,,,,
E12000003,Yorkshire and The Humber,National,2014,,,43.6,27400.0,,21000.0
E12000003,Yorkshire and The Humber,National,2015,,,43.6,28400.0,,21500.0
E12000003,Yorkshire and The Humber,National,2016,,,42.9,28400.0,,21900.0
E12000003,Yorkshire and The Humber,National,2017,,,42.422129716529156,29400.0,,22600.0
E12000003,Yorkshire and The Humber,National,2018,,,42.9,,,
E12000004,East Midlands,National,2004,,,,,126298.5,
E12000004,East Midlands,National,2005,,74.9,,,132000.0,
E12000004,East Midlands,National,2006,,74.9,,,137000.0,
E12000004,East Midlands,National,2007,,73.6,,,144500.0,
E12000004,East Midlands,National,2008,,73.8,,,138000.0,
E12000004,East Midlands,National,2009,,72.9,,,135000.0,
E12000004,East Midlands,National,2010,,70.8,,,139000.0,
E12000004,East Midlands,National,2011,,71.6,,,136000.0,
E12000004,East Midlands,National,2012,,71.5,,,138000.0,
E12000004,East Midlands,National,2013,,71.6,,,141500.0,
E12000004,East Midlands,National,2014,,73.8,,,150000.0,
E12000004,East Midlands,National,2015,,74.4,,,160000.0,
E12000004,East Midlands,National,2016,,75.2,,,168500.0,
E12000004,East Midlands,National,2017,,74.6,,,180000.0,
E12000004,East Midlands,National,2018,,75.1,,,189950.0,
E12000004,East Midlands,National,2019,,77.1,,,,
E12000004,East Midlands,National,2003,,,19.3,20100.0,,15400.0
E12000004,East Midlands,National,2004,,,26.296965846059027,20800.0,,15900.0
E12000004,East Midlands,National,2005,,,31.84807065571994,22100.0,,16600.0
E12000004,East Midlands,National,2006,44.5,,,,,
E12000004,East Midlands,National,2006,,,35.610140004765604,22900.0,,17000.0
E12000004,East Midlands,National,2007,47.1,,,,,
E12000004,East Midlands,National,2007,,,41.86994007865367,23900.0,,17900.0
E12000004,East Midlands,National,2008,49.9,,,,,
E12000004,East Midlands,National,2008,,,44.44597149653441,,,
E12000004,East Midlands,National,2009,53.7,,,,,
E12000004,East Midlands,National,2009,,,45.61105987101781,25100.0,,18500.0
E12000004,East Midlands,National,2010,57.1,,,,,
E12000004,East Midlands,National,2010,,,46.17339442265982,24400.0,,18800.0
E12000004,East Midlands,National,2011,57.6,,,,,
E12000004,East Midlands,National,2011,,,46.76450484042629,25600.0,,19300.0
E12000004,East Midlands,National,2012,59.3,,,,,
E12000004,East Midlands,National,2012,,,46.79260326682578,26400.0,,19900.0
E12000004,East Midlands,National,2013,54.0,,,,,
E12000004,East Midlands,National,2013,,,46.38559756958602,27600.0,,20800.0
E12000004,East Midlands,National,2014,54.2,,,,,
E12000004,East Midlands,National,2014,,,45.2,28200.0,,21200.0
E12000004,East Midlands,National,2015,,,45.2,29600.0,,22100.0
E12000004,East Midlands,National,2016,,,45.9,29300.0,,22200.0
E12000004,East Midlands,National,2017,,,44.00145822980248,30500.0,,23300.0
E12000004,East Midlands,National,2018,,,43.6,,,
E12000005,West Midlands,National,2004,,,,,128500.0,
E12000005,West Midlands,National,2005,,72.5,,,134000.0,
E12000005,West Midlands,National,2006,,71.9,,,142495.0,
E12000005,West Midlands,National,2007,,71.1,,,147000.0,
E12000005,West Midlands,National,2008,,70.6,,,142000.0,
E12000005,West Midlands,National,2009,,68.6,,,142000.0,
E12000005,West Midlands,National,2010,,68.8,,,147000.0,
E12000005,West Midlands,National,2011,,67.9,,,142500.0,
E12000005,West Midlands,National,2012,,69.6,,,145000.0,
E12000005,West Midlands,National,2013,,69.1,,,149995.0,
E12000005,West Midlands,National,2014,,70.2,,,156000.0,
E12000005,West Midlands,National,2015,,71.1,,,164000.0,
E12000005,West Midlands,National,2016,,72.2,,,170000.0,
E12000005,West Midlands,National,2017,,72.1,,,180000.0,
E12000005,West Midlands,National,2018,,74.0,,,190000.0,
E12000005,West Midlands,National,2019,,74.7,,,,
E12000005,West Midlands,National,2003,,,15.7,19800.0,,15400.0
E12000005,West Midlands,National,2004,,,19.852303958090207,20500.0,,15900.0
E12000005,West Midlands,National,2005,,,25.093613283798472,21700.0,,16400.0
E12000005,West Midlands,National,2006,43.4,,,,,
E12000005,West Midlands,National,2006,,,28.563712885225435,22600.0,,17000.0
E12000005,West Midlands,National,2007,46.2,,,,,
E12000005,West Midlands,National,2007,,,33.01855248456966,23400.0,,17600.0
E12000005,West Midlands,National,2008,48.5,,,,,
E12000005,West Midlands,National,2008,,,36.64105510894377,,,
E12000005,West Midlands,National,2009,54.3,,,,,
E12000005,West Midlands,National,2009,,,40.04561235716389,24800.0,,18600.0
E12000005,West Midlands,National,2010,57.4,,,,,
E12000005,West Midlands,National,2010,,,42.43045795305365,24000.0,,18400.0
E12000005,West Midlands,National,2011,58.8,,,,,
E12000005,West Midlands,National,2011,,,42.839760789321716,25400.0,,19400.0
E12000005,West Midlands,National,2012,59.9,,,,,
E12000005,West Midlands,National,2012,,,43.51701126383384,26000.0,,19900.0
E12000005,West Midlands,National,2013,54.9,,,,,
E12000005,West Midlands,National,2013,,,42.24714199730294,27200.0,,20500.0
E12000005,West Midlands,National,2014,55.1,,,,,
E12000005,West Midlands,National,2014,,,42.199999999999996,27700.0,,20900.0
E12000005,West Midlands,National,2015,,,42.199999999999996,29200.0,,21900.0
E12000005,West Midlands,National,2016,,,41.3,29600.0,,22400.0
E12000005,West Midlands,National,2017,,,39.896868933896805,30300.0,,23200.0
E12000005,West Midlands,National,2018,,,39.900000000000006,,,
E12000006,East of England,National,2004,,,,,164000.0,
E12000006,East of England,National,2005,,76.7,,,169995.0,
E12000006,East of England,National,2006,,75.4,,,178000.0,
E12000006,East of England,National,2007,,75.5,,,190000.0,
E12000006,East of England,National,2008,,75.5,,,185995.0,
E12000006,East of England,National,2009,,74.8,,,175000.0,
E12000006,East of England,National,2010,,73.6,,,195000.0,
E12000006,East of England,National,2011,,74.4,,,189995.0,
E12000006,East of England,National,2012,,74.7,,,193000.0,
E12000006,East of England,National,2013,,75.3,,,200000.0,
E12000006,East of England,National,2014,,76.4,,,215000.0,
E12000006,East of England,National,2015,,77.3,,,238000.0,
E12000006,East of England,National,2016,,77.3,,,258000.0,
E12000006,East of England,National,2017,,77.7,,,278000.0,
E12000006,East of England,National,2018,,78.6,,,285000.0,
E12000006,East of England,National,2019,,78.9,,,,
E12000006,East of England,National,2003,,,23.4,23500.0,,16900.0
E12000006,East of England,National,2004,,,29.83007776927642,24400.0,,17400.0
E12000006,East of England,National,2005,,,34.06751982983789,25800.0,,18000.0
E12000006,East of England,National,2006,48.3,,,,,
E12000006,East of England,National,2006,,,38.269728329252814,27000.0,,18700.0
E12000006,East of England,National,2007,50.2,,,,,
E12000006,East of England,National,2007,,,41.18896645220968,28200.0,,19400.0
E12000006,East of England,National,2008,52.0,,,,,
E12000006,East of England,National,2008,,,44.455514111200905,,,
E12000006,East of England,National,2009,56.0,,,,,
E12000006,East of England,National,2009,,,46.14784667005539,29700.0,,20400.0
E12000006,East of England,National,2010,59.1,,,,,
E12000006,East of England,National,2010,,,48.85140935573495,28900.0,,20500.0
E12000006,East of England,National,2011,58.2,,,,,
E12000006,East of England,National,2011,,,49.724342372783916,30100.0,,21100.0
E12000006,East of England,National,2012,59.8,,,,,
E12000006,East of England,National,2012,,,48.509888863064155,30900.0,,21900.0
E12000006,East of England,National,2013,57.2,,,,,
E12000006,East of England,National,2013,,,49.25309613637941,32700.0,,22900.0
E12000006,East of England,National,2014,58.2,,,,,
E12000006,East of England,National,2014,,,49.3,33200.0,,23200.0
E12000006,East of England,National,2015,,,49.3,35000.0,,24100.0
E12000006,East of England,National,2016,,,49.4,34900.0,,24700.0
E12000006,East of England,National,2017,,,48.96650865519265,36100.0,,25500.0
E12000006,East of England,National,2018,,,48.5,,,
E12000007,London,National,2004,,,,,220000.0,
E12000007,London,National,2005,,68.4,,,230000.0,
E12000007,London,National,2006,,68.6,,,245000.0,
E12000007,London,National,2007,,69.0,,,263000.0,
E12000007,London,National,2008,,70.0,,,259000.0,
E12000007,London,National,2009,,67.9,,,250000.0,
E12000007,London,National,2010,,67.8,,,287500.0,
E12000007,London,National,2011,,67.4,,,292500.0,
E12000007,London,National,2012,,68.4,,,300000.0,
E12000007,London,National,2013,,69.9,,,323000.0,
E12000007,London,National,2014,,71.9,,,365000.0,
E12000007,London,National,2015,,72.4,,,400000.0,
E12000007,London,National,2016,,73.4,,,442000.0,
E12000007,London,National,2017,,74.1,,,465000.0,
E12000007,London,National,2018,,74.9,,,467500.0,
E12000007,London,National,2019,,74.9,,,,
E12000007,London,National,2003,,,13.3,29100.0,,19100.0
E12000007,London,National,2004,,,17.627239750518488,29900.0,,19000.0
E12000007,London,National,2005,,,20.66497426392941,32800.0,,20300.0
E12000007,London,National,2006,48.4,,,,,
E12000007,London,National,2006,,,22.898732069422064,34700.0,,20800.0
E12000007,London,National,2007,51.0,,,,,
E12000007,London,National,2007,,,25.4746152371366,37400.0,,21800.0
E12000007,London,National,2008,54.2,,,,,
E12000007,London,National,2008,,,29.179449127204816,,,
E12000007,London,National,2009,58.2,,,,,
E12000007,London,National,2009,,,31.793093675072342,39800.0,,23400.0
E12000007,London,National,2010,61.9,,,,,
E12000007,London,National,2010,,,32.35414564888542,37700.0,,23300.0
E12000007,London,National,2011,62.3,,,,,
E12000007,London,National,2011,,,33.92853399242073,39100.0,,23800.0
E12000007,London,National,2012,65.1,,,,,
E12000007,London,National,2012,,,33.961788882674504,39900.0,,24600.0
E12000007,London,National,2013,61.5,,,,,
E12000007,London,National,2013,,,33.8945875993292,43300.0,,25600.0
E12000007,London,National,2014,60.9,,,,,
E12000007,London,National,2014,,,33.1,44000.0,,26400.0
E12000007,London,National,2015,,,33.1,46700.0,,27200.0
E12000007,London,National,2016,,,33.0,46900.0,,27900.0
E12000007,London,National,2017,,,33.12927436908704,49000.0,,28800.0
E12000007,London,National,2018,,,33.4,,,
E12000008,South East,National,2004,,,,,185000.0,
E12000008,South East,National,2005,,77.1,,,192000.0,
E12000008,South East,National,2006,,77.1,,,202500.0,
E12000008,South East,National,2007,,77.0,,,219950.0,
E12000008,South East,National,2008,,77.3,,,215000.0,
E12000008,South East,National,2009,,75.5,,,203000.0,
E12000008,South East,National,2010,,75.0,,,229000.0,
E12000008,South East,National,2011,,74.6,,,223000.0,
E12000008,South East,National,2012,,74.8,,,229062.0,
E12000008,South East,National,2013,,75.8,,,235000.0,
E12000008,South East,National,2014,,76.4,,,249950.0,
E12000008,South East,National,2015,,77.1,,,273500.0,
E12000008,South East,National,2016,,78.2,,,295500.0,
E12000008,South East,National,2017,,79.2,,,315000.0,
E12000008,South East,National,2018,,78.3,,,320000.0,
E12000008,South East,National,2019,,79.5,,,,
E12000008,South East,National,2003,,,22.8,25600.0,,17800.0
E12000008,South East,National,2004,,,26.13578319113737,26400.0,,18300.0
E12000008,South East,National,2005,,,29.238797817017637,28100.0,,19000.0
E12000008,South East,National,2006,49.4,,,,,
E12000008,South East,National,2006,,,33.13673371295663,29500.0,,19600.0
E12000008,South East,National,2007,51.8,,,,,
E12000008,South East,National,2007,,,36.008129323181606,30900.0,,20400.0
E12000008,South East,National,2008,53.7,,,,,
E12000008,South East,National,2008,,,38.407932867563105,,,
E12000008,South East,National,2009,57.5,,,,,
E12000008,South East,National,2009,,,40.04084664163354,32600.0,,21600.0
E12000008,South East,National,2010,59.6,,,,,
E12000008,South East,National,2010,,,41.293609149685054,31200.0,,21300.0
E12000008,South East,National,2011,60.2,,,,,
E12000008,South East,National,2011,,,43.333086869054846,32900.0,,22300.0
E12000008,South East,National,2012,62.5,,,,,
E12000008,South East,National,2012,,,43.43114861300443,33700.0,,23100.0
E12000008,South East,National,2013,59.0,,,,,
E12000008,South East,National,2013,,,43.67221424339267,35700.0,,23900.0
E12000008,South East,National,2014,59.9,,,,,
E12000008,South East,National,2014,,,45.0,36200.0,,24400.0
E12000008,South East,National,2015,,,45.0,37900.0,,25200.0
E12000008,South East,National,2016,,,46.2,38000.0,,25800.0
E12000008,South East,National,2017,,,46.66717899615956,39200.0,,26700.0
E12000008,South East,National,2018,,,47.199999999999996,,,
E12000009,South West,National,2004,,,,,164950.0,
E12000009,South West,National,2005,,76.4,,,169950.0,
E12000009,South West,National,2006,,76.2,,,178000.0,
E12000009,South West,National,2007,,76.4,,,190000.0,
E12000009,South West,National,2008,,76.6,,,185000.0,
E12000009,South West,National,2009,,74.4,,,175000.0,
E12000009,South West,National,2010,,74.0,,,190000.0,
E12000009,South West,National,2011,,73.6,,,185000.0,
E12000009,South West,National,2012,,74.3,,,187500.0,
E12000009,South West,National,2013,,74.5,,,190000.0,
E12000009,South West,National,2014,,76.1,,,200000.0,
E12000009,South West,National,2015,,77.8,,,216000.0,
E12000009,South West,National,2016,,77.4,,,229950.0,
E12000009,South West,National,2017,,78.4,,,242500.0,
E12000009,South West,National,2018,,79.3,,,250000.0,
E12000009,South West,National,2019,,80.3,,,,
E12000009,South West,National,2003,,,21.4,20300.0,,15600.0
E12000009,South West,National,2004,,,26.64790961523908,20900.0,,15900.0
E12000009,South West,National,2005,,,31.412529232592252,22200.0,,16500.0
E12000009,South West,National,2006,47.2,,,,,
E12000009,South West,National,2006,,,37.17152573193854,23200.0,,17200.0
E12000009,South West,National,2007,49.2,,,,,
E12000009,South West,National,2007,,,40.288042418515055,24300.0,,18000.0
E12000009,South West,National,2008,51.8,,,,,
E12000009,South West,National,2008,,,42.31626766548331,,,
E12000009,South West,National,2009,55.4,,,,,
E12000009,South West,National,2009,,,43.4551115015912,25700.0,,19000.0
E12000009,South West,National,2010,57.9,,,,,
E12000009,South West,National,2010,,,46.61995549195959,24900.0,,18800.0
E12000009,South West,National,2011,57.5,,,,,
E12000009,South West,National,2011,,,47.23047944397701,26100.0,,19600.0
E12000009,South West,National,2012,59.5,,,,,
E12000009,South West,National,2012,,,47.21199171030762,27000.0,,20300.0
E12000009,South West,National,2013,56.7,,,,,
E12000009,South West,National,2013,,,46.7091174889919,28400.0,,21200.0
E12000009,South West,National,2014,58.0,,,,,
E12000009,South West,National,2014,,,47.599999999999994,28800.0,,21600.0
E12000009,South West,National,2015,,,47.599999999999994,30400.0,,22400.0
E12000009,South West,National,2016,,,48.3,30200.0,,22700.0
E12000009,South West,National,2017,,,49.03689368171058,31300.0,,23700.0
E12000009,South West,National,2018,,,50.1,,,
W92000004,Wales,National,2004,,,,,115000.0,
W92000004,Wales,National,2005,,69.8,,,125000.0,
W92000004,Wales,National,2006,,69.9,,,132500.0,
W92000004,Wales,National,2007,,69.8,,,140000.0,
W92000004,Wales,National,2008,,69.4,,,135000.0,
W92000004,Wales,National,2009,,67.8,,,132500.0,
W92000004,Wales,National,2010,,67.2,,,135000.0,
W92000004,Wales,National,2011,,68.3,,,130000.0,
W92000004,Wales,National,2012,,68.7,,,133000.0,
W92000004,Wales,National,2013,,70.1,,,135000.0,
W92000004,Wales,National,2014,,69.4,,,140000.0,
W92000004,Wales,National,2015,,70.8,,,144950.0,
W92000004,Wales,National,2016,,72.6,,,149000.0,
W92000004,Wales,National,2017,,72.9,,,152000.0,
W92000004,Wales,National,2018,,74.9,,,157500.0,
W92000004,Wales,National,2019,,74.7,,,,
W92000004,Wales,National,2003,,,,18300.0,,14600.0
W92000004,Wales,National,2004,,,,19100.0,,15000.0
W92000004,Wales,National,2005,,,,20000.0,,15500.0
W92000004,Wales,National,2006,,,,20700.0,,16100.0
W92000004,Wales,National,2007,,,,21700.0,,16900.0
W92000004,Wales,National,2009,,,,23000.0,,18000.0
W92000004,Wales,National,2010,,,,22500.0,,17900.0
W92000004,Wales,National,2011,,,,23700.0,,18800.0
W92000004,Wales,National,2012,,,,24300.0,,19400.0
W92000004,Wales,National,2013,,,,25600.0,,20300.0
W92000004,Wales,National,2014,,,,26300.0,,21000.0
W92000004,Wales,National,2015,,,,27100.0,,21400.0
W92000004,Wales,National,2016,,,,27100.0,,21700.0
W92000004,Wales,National,2017,,,,28200.0,,22500.0
