LA name,LA code,1997,1998,1999,2000,2001,2002,2003,2004,2005,2006,2007,2008,2009,2010,2011,2012,2013,2014,2015,2016,2017,2018,2019,2020,2021
E06000001,Hartlepool,8297,8323,8810,9123,9561,9900,10141,10481,10936,11442,11775,12111,12645,12911,13267,13727,13860,14285,14680,14887,15154,15870,15912,16153,16934
E06000004,Stockton-on-Tees,9526,9379,9839,10238,10689,10966,11297,11925,12361,12751,13047,13349,13792,13979,14310,14682,14813,15286,15656,15824,16180,16399,17235,17382,17935
E06000002,Middlesbrough,8690,8337,8791,9234,9699,9750,9982,10528,10896,11319,11492,11761,12391,12450,12621,13266,13547,14115,14494,14497,14747,15318,15783,16005,16222
E06000003,Redcar and Cleveland,8926,8593,9090,9578,10071,10118,10395,10761,11139,11590,11754,12005,12768,12916,13199,14010,14256,14812,15222,15329,15619,16111,16501,16549,17128
E06000005,Darlington,9448,9316,9510,10260,11104,11113,11450,11794,12007,12219,12844,12850,13395,13549,13408,13950,14442,14682,15311,15881,16609,16910,17392,18004,18376
E06000047,County Durham,9068,9218,9595,10035,10449,10583,10832,11400,11611,11936,12187,12409,12842,13230,13350,13773,14142,14554,15099,15173,15484,15903,16350,16362,17228
E06000006,Halton,8646,8832,9355,10093,10596,10828,11198,11601,12035,12354,13004,13226,13692,13736,13812,14187,14642,14908,15604,15928,16501,17220,17493,17759,18216
E06000057,Northumberland,10076,10160,10678,11290,11752,11932,12451,12899,13173,13963,14256,15085,15998,16001,16080,16597,17114,17436,18098,18393,18778,19191,19721,19586,20380
E06000007,Warrington,10170,10359,10866,11688,12251,12438,12817,13585,13854,14379,15121,15148,15315,15477,15794,16564,16830,17424,18744,18578,19057,19927,20699,20633,20952
E08000021,Newcastle upon Tyne,9457,9741,9894,10515,11017,11264,11624,12145,12057,12468,12854,13026,13373,13673,13675,14096,14340,14679,15303,15277,15411,15848,16572,16286,17431
E06000008,Blackburn with Darwen,8309,8316,8790,8796,9092,9041,9455,9739,10221,10559,10752,10720,10970,11368,11315,11432,11582,12021,12356,12503,13102,13719,14417,14948,15025
E08000022,North Tyneside,9740,9905,10070,10396,10775,10933,11275,11884,11890,12235,12522,12604,13314,13674,13825,14575,14893,15244,15999,16138,16550,17104,17798,18382,18717
E06000009,Blackpool,9458,9585,9765,10445,10601,10730,10610,10823,10973,11234,11771,12029,12602,12876,13349,13390,13717,14116,14651,15094,15630,15976,16571,16713,16717
E08000023,South Tyneside,8376,8494,8589,8983,9389,9581,10023,10645,10825,11278,11747,11959,12544,12895,13083,13721,14081,14459,15120,15221,15521,15647,15890,16123,16910
E06000010,"Kingston upon Hull, City of",7310,7530,8050,8722,9231,9485,9575,9792,9989,10101,10468,10748,11260,11378,11727,12027,12230,12662,13076,13311,13751,14316,14761,15130,15038
E08000037,Gateshead,8407,8611,8763,9194,9754,9955,10288,10767,10855,11165,11421,11565,12222,12436,12596,13284,13654,13917,14448,14555,14857,15527,16095,16078,16833
E06000011,East Riding of Yorkshire,10472,10600,11487,11626,11668,12064,12593,13183,13707,14280,14669,14810,15210,15449,15758,16002,16359,16712,17792,17849,18441,19292,19846,19737,20430
E08000024,Sunderland,8382,8310,8748,9298,9656,9926,10221,10573,10976,11329,11748,11915,12331,12660,12915,13448,13856,14009,14425,14840,15204,15402,15840,15831,16538
E06000012,North East Lincolnshire,8810,9065,9338,9588,9971,10243,10674,11102,11341,11798,12587,12666,12852,13018,13492,13807,14015,14346,14877,15167,15730,16075,16722,17001,17667
E07000026,Allerdale,9528,9871,10177,10897,11485,11255,11817,12492,12834,13370,14200,14375,14703,15199,15245,15984,16392,16736,17510,17520,17857,18345,18658,18493,19246
E06000013,North Lincolnshire,9354,9633,9901,10146,10609,10875,11354,11692,11858,12164,12771,12727,12798,12825,13306,13668,13890,14180,14720,14948,15513,16218,16667,16637,17374
E07000027,Barrow-in-Furness,8070,8429,8520,8948,9532,9670,10079,10649,10922,11499,12302,12585,13200,13513,13749,14464,14875,15377,16115,16358,16662,17092,17805,18304,18735
E06000014,York,10318,10937,11731,11983,12525,12987,13005,12742,13011,13673,14471,14533,15094,15221,15354,15931,16362,16970,17743,17778,18278,19157,19772,19474,20884
E07000029,Copeland,8590,8916,9277,9781,10388,10458,10839,11360,11546,12141,12906,13100,13718,14077,14309,15176,15522,15973,16806,17167,17574,17519,18257,18618,19251
E06000015,Derby,9112,9185,9619,9591,10086,10451,10750,11230,11172,11881,12196,12090,12754,12378,12364,13037,13541,14174,14721,14760,15362,15983,16630,16685,16736
E07000028,Carlisle,8564,8912,9350,9468,10218,10572,11083,11387,11777,12131,12302,12538,13546,13695,13771,14368,15053,15476,15932,16143,16471,16992,17330,17721,17724
E06000016,Leicester,8308,8098,8541,9004,9340,9588,9801,10029,9951,10177,10680,10560,10882,11116,11153,11552,11810,12080,12550,12796,13130,13403,13908,14503,14605
E07000030,Eden,11330,11762,11949,12039,12740,13052,13655,14265,14804,15302,15601,15737,16416,16931,16833,17226,18173,18651,19534,19460,19841,20586,21143,20719,20858
E06000017,Rutland,13747,14070,14127,14594,14802,14819,15441,16123,16496,16951,17665,17811,18068,18409,18838,19745,20087,20561,22012,21579,22241,23860,25284,24228,24489
E07000031,South Lakeland,12460,12916,13202,13382,14411,14792,15501,16144,16747,17339,17994,18284,18840,19670,19528,20190,20998,21609,22632,22476,23036,23473,24435,23311,24312
E06000018,Nottingham,8216,8436,8887,9182,9411,9572,9721,9678,9830,10065,10530,10748,10785,10799,10830,11122,11744,12076,12589,12704,12804,13118,13666,13800,15015
E08000003,Manchester,7167,7447,8105,8440,8806,9190,9345,9667,10035,10376,10691,10898,11477,11562,11725,12033,12409,12796,13508,13656,14452,15143,15681,16031,16894
E06000019,"Herefordshire, County of",9970,10404,10658,11114,11692,12074,12515,13143,13463,14272,14515,15023,15461,15970,16386,16617,17336,17559,18547,18713,18775,19465,20264,20249,21602
E08000006,Salford,10521,10733,11261,11731,11970,12230,12652,13213,13627,13969,14461,14631,14824,14716,14829,15188,15469,15738,16790,16786,17053,16896,17681,17815,18113
E06000020,Telford and Wrekin,9955,10075,10307,10133,10087,10514,11115,11648,11592,12145,12654,12812,13126,13427,13894,14342,14712,15116,15867,16162,16208,16677,17163,17352,17711
E08000009,Trafford,13072,13039,13792,14550,14882,15188,15407,15790,16204,16655,17176,17318,17567,17659,17805,18292,18801,19193,20843,20879,21281,22929,23692,23390,24360
E06000021,Stoke-on-Trent,8137,8215,8793,9078,9200,9345,9678,10001,10515,10665,11219,11375,11655,11830,12130,12471,12964,13261,13793,13887,14179,14876,15237,15232,15470
E08000007,Stockport,10695,10737,11441,12100,12329,12667,13115,13321,13776,14329,14942,15153,15696,16057,16264,16697,17335,17953,18945,19404,19802,20691,21496,21338,21949
E06000022,Bath and North East Somerset,12264,12643,13235,13467,13621,13637,14191,14520,15150,16109,16722,17371,17256,17717,17963,18348,19188,19741,21161,21150,21383,22073,23003,21719,23101
E08000008,Tameside,8281,8424,9130,9446,9692,9871,10251,10523,10929,11331,11717,11897,12550,12649,12889,13338,13712,14136,14754,15083,15558,16010,16558,16646,16659
E06000023,"Bristol, City of",10272,10378,10827,11401,11932,12084,12333,12793,12953,13576,14201,14588,14555,15038,15354,15570,16159,16760,17675,18235,18877,19583,20742,20497,21084
E08000001,Bolton,10033,10053,10582,11092,11357,11563,11801,12340,12674,13092,13610,13679,13850,14013,14036,14424,14840,15090,15395,15331,15910,16332,16807,16835,16967
E06000024,North Somerset,12076,12380,12967,13149,13324,13405,13865,14252,14787,15572,16085,16755,16841,17152,17554,18046,18871,19440,20829,20869,21126,21752,22766,22502,23137
E08000010,Wigan,9538,9605,10160,10581,11004,11169,11526,11867,12123,12578,13018,13071,13487,13576,13727,14252,14642,14850,15015,14979,15626,16102,16642,16800,17223
E06000025,South Gloucestershire,11365,11761,12264,12421,12615,12803,13211,13528,14018,14853,15421,15994,15925,16118,16427,16899,17622,18281,19648,19759,20010,21366,21485,20984,21542
E08000002,Bury,10477,10583,11103,11741,12116,12333,12498,13070,13428,13888,14450,14591,14786,14938,14980,15425,16093,16612,17517,17523,17828,18463,18993,19167,19505
E06000026,Plymouth,9094,9321,9602,10064,10357,10499,10899,11307,11493,11921,12422,12821,13111,13709,13901,14007,14462,14829,15251,15409,16021,16522,17247,17215,17472
E08000004,Oldham,8101,8236,8765,9131,9451,9680,9918,10318,10577,11030,11431,11560,11959,12104,12200,12693,13162,13548,13972,13990,14175,14960,15582,15641,15714
E06000027,Torbay,9823,9895,10301,10991,11041,11169,11570,11985,12630,13164,13422,14097,14343,14740,14959,15280,15858,16387,16774,17060,17461,17950,18498,18767,19254
E08000005,Rochdale,8379,8448,9045,9382,9756,9946,10161,10576,10846,11254,11708,11803,12299,12408,12577,13183,13625,13986,14458,14485,14725,15027,15741,15891,16297
E06000030,Swindon,10959,11306,11892,12489,13081,13428,13657,13913,14236,14791,15121,15387,15723,15598,15794,16131,16622,17228,17881,18357,18726,19442,20312,20175,19815
E06000031,Peterborough,9752,10003,10776,11362,11693,11879,11936,12071,12366,13045,13660,13822,13851,14103,14195,14644,15126,15805,16486,16735,17066,17475,18156,18325,17841
E06000032,Luton,9155,8747,9259,9750,10368,10723,11070,11371,11542,11706,12072,12227,12462,12712,12844,13211,13512,14020,14487,15286,16199,16526,17133,17592,17211
E07000121,Lancaster,8470,8698,9016,9566,10055,10405,10788,11194,11514,11931,12446,12758,13448,13463,13577,13873,14391,14778,15225,15310,15867,16286,16231,16477,17680
E06000033,Southend-on-Sea,10496,10731,11368,11960,12697,13133,13531,13605,13896,14288,14773,15035,15538,15840,15951,16346,17015,17517,18522,18912,19485,20229,20894,20763,21874
E07000128,Wyre,9691,9828,10235,10734,11158,11454,11818,12214,12672,13118,13651,13996,14726,14970,15193,15488,16044,16396,16856,17011,17742,18202,19407,19146,19979
E06000034,Thurrock,9965,10015,10298,10429,10891,11526,12006,12353,12708,13110,13674,14165,14527,14778,14837,15213,15653,16324,17049,17687,18235,19129,19737,19710,20455
E07000119,Fylde,12003,12027,12533,13404,13852,14124,14618,15088,15606,16291,16867,17261,17871,18228,18148,18508,18901,19396,20525,20657,21087,21939,22492,21877,22514
E06000035,Medway,10669,10455,10895,11398,11891,12219,12419,13045,13412,13821,14511,14810,15342,15390,15579,15845,16208,16568,17446,17891,18304,18895,19573,19766,20384
E07000123,Preston,8824,8943,9261,9578,10210,10285,10628,10949,11306,11574,11942,12213,12992,12854,13010,13360,13616,14008,14598,14966,15370,15452,16225,16861,17097
E06000036,Bracknell Forest,11648,11880,12145,12942,13278,13600,13926,14287,14866,15625,16664,17040,17427,17338,17629,18314,19144,19382,20377,21039,21523,21942,22974,23182,23748
E07000124,Ribble Valley,14838,15058,15217,16278,16695,16776,17241,17973,18701,19205,20234,20649,20417,20776,20993,20803,21335,22101,23468,23399,23887,24873,25241,23584,24734
E06000037,West Berkshire,13945,14192,14569,15478,15664,15937,16203,16649,17346,18153,19478,19793,19778,19773,20202,20898,21886,22365,23939,24336,24987,25582,27083,26405,26778
E07000126,South Ribble,9624,9731,10090,10474,11046,11274,11690,12148,12575,12997,13440,13647,14330,14320,14559,14891,15301,15779,16493,16849,17220,17884,18676,19006,19423
E06000038,Reading,11743,11820,12288,13213,13434,13862,14167,14584,14913,15509,16515,16902,17128,16953,17329,18045,18833,19167,20079,20663,21401,21941,23833,23745,22434
E07000117,Burnley,7146,7225,7626,7942,8385,8451,8867,9254,9769,10253,10848,11309,11967,11988,12241,12535,12920,13137,13552,13986,14296,14847,15457,15720,15168
E06000039,Slough,10492,10618,10827,11420,11742,12151,12638,13054,13372,13728,14317,14486,14540,14246,14427,15003,15767,15933,16664,17166,17845,18562,19518,19738,19103
E07000120,Hyndburn,7354,7428,7819,8096,8475,8698,8928,9425,9908,10241,10694,11141,11832,11894,12198,12560,12975,13051,13617,14050,14425,14729,15527,15521,15539
E06000040,Windsor and Maidenhead,17630,18307,18609,19752,19864,20226,20493,20795,21617,22486,24196,24596,24507,24439,24727,25488,26890,27720,29520,29897,30622,31172,32882,32218,32742
E07000122,Pendle,8652,8750,9023,9519,9826,10037,10462,10937,11514,11908,12616,13099,13341,13538,13600,13743,14183,14420,15111,15286,15560,15425,15945,15958,15841
E06000041,Wokingham,15012,15140,15637,16470,16473,16886,17294,17737,18455,19301,20831,21201,21202,21261,21684,22340,23352,23949,25590,25941,26261,27976,28065,27334,27805
E07000125,Rossendale,9861,10072,10340,10979,11362,11655,12101,12654,13194,13471,14163,14508,14778,14883,15033,15018,15645,15776,16680,16789,17021,17463,17512,17672,18326
E06000042,Milton Keynes,11017,11183,11554,12103,12496,13195,13535,14305,14764,15280,16052,16440,16477,16785,16812,17137,17518,18073,19320,19767,20531,21454,21895,22096,21409
E07000118,Chorley,10195,10274,10644,11175,11663,11943,12318,12736,13237,13659,14198,14517,15098,15126,15418,15700,16007,16492,17579,17380,17759,18041,18953,19167,19839
E06000043,Brighton and Hove,12047,12134,12628,13359,13949,14350,14619,15241,15965,16273,16848,17386,17950,17876,18028,18274,18934,19468,20687,21111,21820,22627,23257,22695,24834
E07000127,West Lancashire,10097,10106,10639,11324,11774,11992,12435,12938,13449,13851,14440,14804,15343,15431,15832,16174,16616,17126,18335,18211,18543,19431,20307,20269,20628
E06000044,Portsmouth,9265,9304,9828,10571,10619,11026,11169,11232,11182,11438,12053,12419,13074,13044,13146,13225,13855,14165,15137,15506,15936,16496,17187,17511,18576
E06000045,Southampton,9569,9462,9605,10144,10482,10883,11065,11434,11559,12116,12839,13022,13424,13448,13589,13851,14269,14617,15109,15698,16312,16910,17503,17444,18100
E06000049,Cheshire East,11852,12042,12670,13034,13289,14081,14807,15318,15844,16336,16898,17193,17713,17744,17875,18451,19623,20338,21945,21908,22725,23946,24824,24503,24684
E06000046,Isle of Wight,9652,9862,10129,10524,11311,11547,11701,12216,12753,13336,13940,14273,15076,15374,15547,15628,16120,16152,16703,16900,17299,18035,18756,18745,19522
E06000050,Cheshire West and Chester,10861,10964,11600,11936,12215,12901,13697,14403,14897,15272,15882,16310,16847,16881,16881,17587,18186,18659,19454,19571,20382,21114,21741,21509,21340
E08000011,Knowsley,7919,7981,8448,8999,9458,9694,10154,10652,11063,11434,12035,12347,12859,13036,13270,13618,13931,14215,14778,15043,15558,15815,16820,17050,17262
E08000013,St. Helens,7861,7993,8452,9023,9514,9755,10101,10640,11133,11582,12245,12490,12995,13214,13311,13702,14078,14391,15037,15417,15862,16432,17416,17400,17590
E06000051,Shropshire,10531,11072,11219,11510,11787,12121,12630,13168,13380,14154,14531,15314,15790,15850,16080,16270,16742,17210,18319,18548,18922,19678,20193,19894,20704
E08000012,Liverpool,8359,8401,8951,9348,9843,10029,10412,10837,11045,11572,11978,11978,12592,12814,12959,13295,13689,14058,14651,14600,14868,15244,15600,15878,16976
E06000052,Cornwall,9707,9907,10048,10491,11091,11474,11694,12109,12498,13114,13638,13988,14238,14745,15030,15325,15668,16046,16577,16970,17599,17975,18730,18836,19760
E08000014,Sefton,11191,11430,11743,11607,11450,11867,12263,12673,13235,13465,13918,14217,15067,15275,15357,15923,16551,16638,17377,17558,17955,18290,18686,18943,19113
E06000053,Isles of Scilly,13241,13501,13142,13569,13846,14102,14625,13983,14181,15625,14896,14819,16809,17605,18415,18266,18124,17895,18763,19721,21592,21290,22715,23532,22827
E08000015,Wirral,10057,10301,10819,11372,11802,12270,12725,12996,13162,13390,14140,14487,15065,15245,15284,15758,16326,16695,17204,17280,17492,18097,18747,18567,19359
E06000054,Wiltshire,11584,11640,12075,12847,13349,13553,14013,14438,14973,15624,16194,16522,16518,16890,17250,17575,18505,19124,19988,20145,20765,21860,22844,22267,22645
E06000055,Bedford,11210,11174,11651,12071,12181,12684,12929,13377,13972,14496,15057,15608,16046,16429,16611,16941,17477,18019,19236,19817,20528,21340,21938,21713,21328
E06000056,Central Bedfordshire,11848,11857,12429,13013,13258,13812,14037,14396,14980,15427,15905,16368,16745,17231,17246,17798,18674,18962,19935,20409,20919,21561,22126,21573,22509
E06000058,"Bournemouth, Christchurch and Poole",11390,11608,12141,12746,13201,13291,13699,14228,14782,15509,16158,16408,16042,16501,16740,17031,17754,18168,19226,19305,19771,20625,21593,21058,21751
E06000059,Dorset,11408,11804,12133,12559,13010,13210,13734,14071,14580,15530,16034,16495,16379,17045,17526,17880,18558,19175,19923,20046,20416,21271,22088,21640,22358
E07000163,Craven,10599,11156,11301,11296,11707,12305,12694,13030,13741,14675,15023,15328,16414,16388,16717,17378,17744,17913,18980,19021,19648,19996,20710,21007,21596
E06000060,Buckinghamshire,14610,14889,15461,16273,16990,17224,17382,18142,18755,20089,20948,21421,21911,21838,21931,22458,23315,24056,25737,26328,26907,27650,28508,27533,28440
E07000164,Hambleton,11453,12058,12279,12258,12956,13318,13706,14306,15116,15984,16416,16734,17418,17390,17703,18342,18886,19189,20348,20423,21078,22172,22684,22662,23742
E06000061,North Northamptonshire,10072,10203,10574,11082,11458,11615,12145,12635,13204,13823,14768,15007,15058,14987,15297,15890,16522,17041,18068,18060,18492,18835,19387,19588,19690
E07000165,Harrogate,14190,15171,15239,15241,15445,16127,16627,17196,18203,19283,20175,20666,20861,20805,20905,21353,22133,22439,24248,24059,24805,26173,27086,25542,26421
E06000062,West Northamptonshire,10703,10774,11198,11913,12291,12459,12838,13329,13863,14514,15631,15650,15596,15687,16650,17287,17815,18415,19539,19709,20461,21394,21940,21790,21408
E07000166,Richmondshire,10674,10979,11399,11147,11421,11759,12090,12505,13010,13779,14113,14352,15078,15001,15118,15616,16022,16435,17504,17232,17874,19267,19247,18870,21079
E07000008,Cambridge,11709,11974,12722,13345,13694,14373,14454,15139,15613,16472,17358,17686,18155,18000,17894,18759,19794,20929,22111,23043,23590,24402,26431,25438,22711
E07000167,Ryedale,11121,11564,11790,11889,12320,12913,13368,13786,14551,15555,16010,16390,17153,17309,17710,18221,18758,18772,19860,19892,20387,20436,21101,20834,21669
E07000009,East Cambridgeshire,11748,11819,12561,12969,13165,13628,13326,14388,15297,15787,16174,16446,16552,16768,16740,17227,17989,18765,19736,20176,20559,21438,22030,21588,23219
E07000168,Scarborough,8930,9477,9649,9742,10283,10565,10957,11404,11978,12720,13089,13401,14418,14381,14842,15397,15772,15925,16764,16966,17517,18087,18454,18690,19204
E07000010,Fenland,9018,9204,9685,9966,10260,10746,11001,11417,12207,12609,12754,13070,13702,13811,14053,14594,15147,15746,16239,16723,16990,17148,17930,18155,18800
E07000169,Selby,10631,11161,11445,11393,11875,12277,12798,13197,14012,14823,15097,15241,16099,15589,15979,16590,16890,16952,17829,18043,18520,19484,20540,20371,20922
E07000011,Huntingdonshire,9626,9943,10627,10950,11234,11657,11940,12423,13448,14057,14558,14879,15417,15605,15658,16339,17024,17770,18560,19175,19697,20637,21491,21205,21584
E08000016,Barnsley,8549,8716,9261,9745,10158,10368,10813,11099,11398,11772,12218,12259,12638,12780,13143,13531,13918,14389,14822,14958,15469,16054,16876,17144,17805
E07000012,South Cambridgeshire,14051,14639,15398,16204,16271,16763,16649,17455,18624,19290,20006,20383,20169,20379,20353,20947,22151,23098,24528,24875,25384,26453,26821,25994,27031
E08000017,Doncaster,8774,9017,9506,10018,10378,10568,10995,11316,11638,11983,12519,12578,12797,13059,13383,13789,14319,14852,15377,15465,15941,16474,16535,16724,17397
E08000018,Rotherham,8371,8541,9085,9602,9958,10168,10565,10807,11163,11573,12110,12188,12557,12808,13140,13629,14199,14657,15205,15350,15884,16110,16651,16729,17182
E08000019,Sheffield,9165,9290,9767,10147,10736,10998,11279,11866,11893,12099,12379,12668,13135,13040,13062,13359,13666,14183,14687,14664,14924,15504,15856,15764,17224
E08000032,Bradford,9138,9254,9719,10238,10233,10413,10631,11078,11140,11396,11827,11977,12217,12203,12306,12635,13144,13559,14195,14205,14487,14797,15300,15451,15704
E08000035,Leeds,9997,10150,10608,11286,11650,11894,12215,12430,12653,13087,13765,13997,14266,14427,14751,15032,15514,15883,16561,16681,17168,17948,18672,18663,19061
E08000033,Calderdale,9677,9922,10338,10872,11194,11399,11876,12394,12711,13095,13717,13793,13979,14200,14393,14854,15442,15869,16682,16565,16905,17312,17803,17604,18340
E08000034,Kirklees,9131,9336,9760,10232,10521,10712,11162,11574,11808,12162,12708,12750,13042,13094,13276,13714,14182,14551,15256,15211,15571,16264,16918,16865,17668
E07000032,Amber Valley,8552,8870,9366,9704,10133,10456,11365,11902,12230,12709,13395,13623,13909,13989,14537,15081,15774,16097,17279,17345,17562,18019,18622,18891,19953
E08000036,Wakefield,9121,9348,9745,10258,10602,10926,11424,11912,12249,12642,13299,13300,13563,13764,13716,14077,14532,14876,15609,15756,16349,16753,17126,17403,18026
E07000033,Bolsover,7941,8237,8820,9033,9741,9852,10148,10482,10741,11205,11766,11677,12004,11997,12268,12683,12923,13285,13967,13932,14391,14750,15305,16075,16766
E07000034,Chesterfield,7700,7972,8579,8846,9684,9911,10161,10499,10715,11222,11812,11687,12062,12188,12477,13020,13321,13663,14509,14446,15132,15626,16745,17182,17797
E07000035,Derbyshire Dales,12686,12889,13058,14027,14770,15161,15913,16833,17726,18263,19333,19682,19254,19656,19868,20173,21631,22153,24075,23591,23878,24941,25242,23501,24930
E07000036,Erewash,7772,7970,8562,8699,9068,9438,10353,10886,11263,11793,12393,12609,12973,13022,13662,14122,14797,15014,15912,16047,16278,16986,17515,17708,18519
E07000038,North East Derbyshire,9479,9790,10335,10761,11577,11998,12238,12590,13059,13709,14539,14535,14427,14455,14682,15039,15564,15995,17264,16848,17362,18363,18721,18826,19585
E07000037,High Peak,9226,9504,9991,10396,10890,11250,12151,12782,13196,13675,14409,14734,14883,14968,15681,16088,16961,17283,18563,18570,18923,18914,19348,19513,20549
E07000039,South Derbyshire,10403,10553,11357,11657,11989,12205,13102,13516,13846,14229,14813,14930,15041,14979,15501,15988,16629,16963,17977,17971,18144,18745,19432,19316,20407
E07000040,East Devon,11859,12154,12422,12627,13165,13506,13709,14119,14740,15517,16089,16817,17224,17511,17645,17956,18666,19064,19920,19973,20359,21233,22135,21279,21795
E07000041,Exeter,8975,8975,9442,9639,10203,10627,10894,11521,11781,12508,12953,13482,14129,13966,14031,14417,14775,15053,15424,15642,16080,16908,17465,17277,18340
E07000042,Mid Devon,11014,11068,11432,11584,12049,12320,12436,12921,13476,14140,14566,15063,15386,15348,15429,15828,16556,16930,17802,18067,18532,19517,20059,20226,21233
E07000043,North Devon,10161,10313,10746,10914,11451,11655,11911,12317,12798,13462,13910,14477,14963,15144,15155,15723,16390,16871,17724,17929,18367,18579,19594,19274,20227
E07000170,Ashfield,7772,8091,8561,8869,9227,9474,9934,10449,10609,10869,11553,11841,12329,12268,12368,12741,12996,13542,14188,14338,14715,15295,15797,15942,16608
E07000044,South Hams,12962,13291,13372,13638,14383,14704,14980,15578,16419,17211,17980,18897,18962,19376,19407,19828,20655,21191,22596,22731,23198,24004,24825,23914,24971
E07000171,Bassetlaw,9203,9529,9921,10436,10820,11200,11526,12258,12533,12786,13750,14053,14307,14249,14337,14633,15089,15604,16691,16626,17006,17640,18347,18332,18935
E07000045,Teignbridge,10624,10722,11024,11218,11723,12042,12258,12734,13356,14146,14695,15304,15782,15972,16102,16577,17241,17647,18359,18635,18985,19824,20512,20434,21296
E07000174,Mansfield,7873,8218,8664,9019,9673,9961,10424,11003,11220,11436,12081,12329,12922,12857,12942,13364,13700,14224,14909,14961,15453,16055,16498,17064,17250
E07000046,Torridge,9814,9867,10168,10178,10618,10900,11112,11484,11931,12486,12892,13437,14162,14313,14328,14712,15241,15612,16217,16317,16694,17466,17837,18074,18968
E07000175,Newark and Sherwood,10590,11049,11341,12119,12510,13042,13385,14068,14302,14499,15674,15973,15933,15874,15862,16078,16580,17127,18404,18141,18485,19455,20116,19580,20429
E07000047,West Devon,12278,12344,12661,12700,13239,13378,13641,14199,14951,15769,16307,16807,16823,17034,17080,17594,18402,18771,19978,20025,20317,20870,21137,20365,20778
E07000172,Broxtowe,9253,9571,10077,10150,10865,11137,11784,12245,12487,12972,13808,14192,14560,14409,14588,15210,15727,16236,16677,16736,16961,17225,17639,18041,19226
E07000061,Eastbourne,10626,10851,11372,11887,12424,12668,12933,13095,13447,13893,14864,15271,15783,16400,16263,16678,17559,17807,18632,19064,19326,19446,19669,19976,20957
E07000173,Gedling,9844,10077,10533,10716,11375,11685,12271,12787,13095,13650,14532,14955,15268,15172,15255,15936,16474,17032,17505,17412,17787,18015,18857,18760,19482
E07000062,Hastings,8306,8545,8808,8916,9285,9680,9997,10268,10589,11113,11800,12153,12973,13294,13334,14013,14677,14820,15270,15810,16116,17004,17546,17873,18846
E07000176,Rushcliffe,13425,13645,14179,14512,15120,15333,15763,16340,16690,17165,18468,18853,18743,18668,18581,19426,20086,20675,21477,21420,21818,22512,22984,22586,23828
E07000063,Lewes,12285,12531,12841,13422,14004,14182,14454,14882,15592,16207,17577,17975,18132,18605,18597,18895,19918,20240,21628,21958,22300,22784,24034,22865,24606
E07000064,Rother,11726,11809,12392,13014,13805,14020,14343,14609,15212,15775,16884,17291,17824,18461,18400,18795,19916,20027,21092,21375,21628,22270,22127,22169,24026
E07000065,Wealden,13614,13784,14410,15130,15726,15918,16134,16517,17271,17938,19372,19921,19936,20662,20258,20602,21709,21932,23291,23592,23943,24227,24981,24210,25776
E07000129,Blaby,9278,9296,9793,9947,10402,10647,11299,11731,12065,12383,13021,13032,13720,13783,14164,14634,15021,15419,15999,16181,16987,17519,18351,18688,18957
E07000066,Basildon,11016,11172,11850,12219,12894,13267,13609,14079,14480,14839,15314,15807,16398,16310,16402,16907,17077,17292,18173,18709,19178,20093,20869,20679,21261
E07000130,Charnwood,9881,10057,10416,10805,11267,11694,12371,12872,13209,13518,14219,14241,14470,14518,14749,15043,15370,15660,16313,16204,16830,17146,18228,17653,18845
E07000067,Braintree,10820,10951,11661,12089,12635,13036,13219,13691,14168,14469,15007,15553,15970,15948,16095,16626,17326,17811,18847,19327,19801,20946,21744,21438,21959
E07000131,Harborough,15872,16017,16397,17060,17053,17241,17881,18495,19162,19570,20600,20635,20159,20456,20584,20837,21402,22249,23647,23166,23868,23969,24706,23845,24308
E07000068,Brentwood,16445,16543,17473,18429,19077,19414,19786,20362,21058,21504,22368,23112,23042,22901,22899,23536,24304,24947,26637,27721,28592,30158,30265,29286,30839
E07000132,Hinckley and Bosworth,10226,10384,10807,11224,11726,12020,12621,13089,13514,13892,14674,14752,15204,15317,15594,15977,16446,16898,17685,17536,18325,19038,19189,19477,20047
E07000069,Castle Point,10412,10516,11202,11573,12220,12626,12953,13376,13861,14263,14823,15444,16107,16262,16530,17010,17451,17815,18887,19346,20033,21191,21708,21261,22109
E07000133,Melton,11107,11360,11628,11978,12316,12763,13316,13893,14361,14816,15573,15689,15941,16020,16321,16788,17285,17850,18903,18998,19885,20826,21140,21189,21842
E07000070,Chelmsford,12195,12270,13093,13532,14203,14416,14681,14978,15369,15822,16367,16960,17592,17432,17583,18146,18719,19480,20567,21397,22000,22995,24318,23838,24460
E07000134,North West Leicestershire,10601,10749,11261,11582,12014,12268,12877,13330,13648,13974,14663,14722,15025,15241,15536,15986,16527,16876,17505,17398,18140,18286,19103,19770,20387
E07000071,Colchester,10078,10406,11152,11688,12372,12875,13184,13741,14094,14423,14930,15395,15928,15752,15942,16418,16992,17201,17869,18203,18663,19243,19873,19418,20847
E07000135,Oadby and Wigston,8935,9209,9467,9689,10069,10385,10976,11377,11793,12074,12816,13015,13600,13938,14082,14463,14848,15407,16263,16380,16952,17527,18544,18718,19296
E07000072,Epping Forest,14916,15247,15799,16622,17106,17332,17642,18334,19297,19783,20712,21600,21433,21553,21862,22543,23347,23910,26784,26868,28298,30037,30455,29414,30646
E07000073,Harlow,8434,8394,8996,9141,9728,10088,10384,10845,11195,11514,11748,12206,13039,12872,13187,13771,14023,14363,15357,16055,16898,17544,18905,19299,18546
E07000074,Maldon,12674,12476,12969,13260,13651,13946,14184,14608,15107,15507,15959,16631,17165,17303,17611,18058,18657,19331,20479,21174,21913,22328,22066,22439,23136
E07000136,Boston,9594,9794,10282,10669,11208,11568,12085,12512,12997,13146,13745,13877,14020,14035,14497,14984,15135,15543,16027,15975,16317,16417,17276,16757,17318
E07000075,Rochford,12452,12372,12897,13363,14002,14293,14625,15045,15533,15827,16414,16916,17262,17340,17545,17914,18498,18733,19974,20407,21023,21864,22372,21836,23041
E07000137,East Lindsey,9140,9352,9549,9782,10076,10230,10778,11233,11699,12008,12783,13148,13541,14001,14395,14761,15239,15708,16333,16353,16797,17527,18126,17888,18561
E07000076,Tendring,8947,8997,9619,9941,10469,10833,11142,11573,12059,12448,12973,13653,14445,14756,15152,15688,16268,16555,17329,17663,18214,18719,19166,19178,19916
E07000138,Lincoln,7967,8167,8493,8756,9213,9754,10117,10376,10704,10987,11577,11819,12431,12412,12769,13198,13324,13685,14067,14226,14562,15129,15652,15890,15693
E07000077,Uttlesford,15265,15405,16170,17035,17588,17764,17869,18584,19357,19601,20155,20750,20653,20265,20473,21201,21646,21984,24214,24324,25347,27076,27597,26412,27714
E07000139,North Kesteven,11005,11224,11425,11594,11949,12090,12531,12918,13465,13715,14441,14637,14958,15179,15499,15952,16337,16815,17414,17454,17891,18431,18891,18943,19386
E07000078,Cheltenham,11330,11484,11968,12516,13055,13114,13312,13962,14797,15516,15916,16455,16424,16830,16993,17490,18460,19366,20330,20513,20885,21891,22985,22523,22888
E07000140,South Holland,10335,10500,10899,11323,11692,11866,12279,12572,13046,13220,13916,14052,14278,14484,14757,15253,15569,16004,16495,16491,16923,17181,17275,17314,18139
E07000079,Cotswold,16396,16548,17191,18269,18694,18491,18515,19442,20768,21691,22736,23570,23119,24105,23971,24563,25967,27092,28818,28765,28610,29792,31128,29175,30544
E07000141,South Kesteven,10571,10788,11225,11651,12100,12356,12979,13587,14207,14456,15433,15844,15967,16348,16626,17006,17405,17896,18565,18545,19115,20352,21390,21209,21864
E07000080,Forest of Dean,9302,9250,9644,9938,10396,10447,10631,11083,11881,12538,12839,13315,13663,14127,14403,14712,15391,16123,16710,16845,17065,17975,18608,18731,19351
E07000142,West Lindsey,10467,10698,11045,11419,11738,11859,12310,12857,13333,13570,14341,14681,14940,15307,15689,15935,16464,16925,17445,17449,18066,18221,18875,19254,20154
E07000081,Gloucester,9184,9235,9606,9809,10439,10581,10880,11315,11959,12551,12597,12909,13475,13514,13779,14165,14728,15567,15836,16106,16252,16464,17410,17654,17579
E07000082,Stroud,11919,12051,12551,13255,13767,13778,13898,14626,15619,16379,17045,17599,17460,17854,18019,18486,19420,20309,21239,21287,21543,22645,23292,22258,23267
E07000234,Bromsgrove,13459,14304,14582,15051,15404,15644,15615,16471,17256,18179,18379,18752,18599,18626,18848,19230,20158,20859,22387,22588,22795,23209,23156,22860,23815
E07000083,Tewkesbury,11499,12043,12459,12932,13464,13383,13489,14196,15155,15923,16526,17035,17043,17319,17492,17929,18696,19480,20289,20257,20199,20450,20715,20593,21705
E07000235,Malvern Hills,12217,12841,13172,13522,14044,14505,14603,15262,15926,16824,17040,17440,17662,17796,18001,18274,19236,19807,21148,21490,21755,22680,23927,23198,24148
E07000084,Basingstoke and Deane,14213,14436,14708,15407,15901,16186,16383,17128,17448,17941,18990,19390,19559,19441,19509,20245,21106,21477,22967,22922,23808,24757,25189,24606,24448
E07000236,Redditch,9264,9759,10148,10414,10950,11349,11777,12483,12943,13517,13463,13622,14073,13894,14078,14521,15171,15892,16748,17263,17850,18817,19463,19783,19385
E07000085,East Hampshire,14043,14567,15085,15966,16466,16788,17069,17871,18587,19282,20300,20898,21100,21102,21134,21947,22712,23399,25092,25346,25888,26522,27207,26053,26545
E07000237,Worcester,8916,9138,9599,9765,10315,10763,11157,11741,12104,12782,12720,12924,13513,13296,13630,14034,14457,15022,15879,16306,16735,17348,18142,18301,18190
E07000086,Eastleigh,11696,11894,12171,12700,13305,13859,14116,14773,15167,15541,16386,16828,17319,17204,17357,18122,18906,19274,20242,20274,20455,21290,21818,21268,21585
E07000238,Wychavon,12534,13190,13295,13709,14222,14508,14779,15558,16269,17133,17364,17792,17894,17923,18171,18475,19291,20030,21187,21439,21594,23007,23306,22997,23732
E07000087,Fareham,11189,11388,11906,12457,13013,13463,13690,14292,14810,15365,16197,16637,17249,17340,17623,18426,19205,19548,20449,20451,20762,21430,22619,21693,22483
E07000239,Wyre Forest,8998,9467,9727,9906,10439,10842,11255,11849,12362,13051,13177,13547,14086,14099,14387,14860,15515,16005,16832,17239,17534,18268,18987,19047,19746
E07000088,Gosport,8445,8546,9224,9571,10270,10756,11112,11561,11825,12155,12666,13029,13838,13917,14292,15052,15755,15935,16516,16601,16953,17444,18156,18242,19027
E07000218,North Warwickshire,8791,9044,9441,9885,10408,10775,11334,11818,12060,12585,13082,13628,14207,14178,14452,14931,15607,16229,17427,18102,18234,18077,18648,18605,19250
E07000089,Hart,16066,16256,16628,17571,18022,18226,18222,18873,19182,19637,20710,21231,21618,21738,22012,22923,23987,24521,26503,26371,26948,27941,28799,28290,28565
E07000219,Nuneaton and Bedworth,7989,8058,8570,8997,9519,9780,10343,10785,10922,11387,11694,12080,12751,12755,13126,13681,14192,14802,15654,16146,16396,16771,17395,17647,17652
E07000090,Havant,10229,10400,10796,11329,12003,12519,12741,13364,13815,14310,15141,15568,16173,16318,16528,17222,18129,18522,19241,19289,19439,19773,20157,20271,20998
E07000220,Rugby,11086,11380,11878,12605,13117,13453,14000,14527,14565,15026,15414,15819,16018,15919,16027,16573,17212,17939,18957,19652,19808,19797,20426,20122,20108
E07000091,New Forest,12026,12271,12690,13426,14023,14289,14592,15234,15734,16346,17176,17778,18418,18522,18778,19673,20125,20579,22141,22359,23027,23553,24464,23972,25253
E07000221,Stratford-on-Avon,15132,15684,16259,17207,17736,18054,18542,19161,19596,20095,20810,21516,21432,21751,21955,22686,23643,24536,26784,27934,27515,27370,27827,26206,26872
E07000092,Rushmoor,10300,10029,10473,10967,11341,11805,12131,12654,12872,13177,13724,14031,14835,14900,15145,15900,16655,16992,17966,18304,19086,19822,20902,21078,20285
E07000222,Warwick,12782,13226,13721,14531,14927,15182,15489,15808,15947,16535,17180,17816,17998,18215,18594,19099,20027,20986,22829,23931,23954,25299,25223,24905,25088
E07000093,Test Valley,12816,12925,13353,14163,14699,15024,15217,15935,16427,17119,18037,18590,19132,19125,19324,20286,20656,21063,22430,22572,22982,24210,24590,24164,24434
E07000094,Winchester,14333,14506,14992,16070,16748,17029,17136,18084,18683,19337,20379,20869,21018,21075,21220,22078,22761,23194,24703,24548,25328,26862,28122,27126,28022
E07000095,Broxbourne,11016,11365,11474,12088,12732,13063,13374,13675,14025,14643,15281,15599,16507,16482,16637,17388,18312,18926,20128,20528,21335,21897,22756,21957,22288
E07000096,Dacorum,12424,12836,13148,14188,14911,15221,15619,16103,16702,17546,18630,19082,19533,19458,19443,20134,21304,22131,23624,23589,24462,25484,25294,25010,26170
E07000192,Cannock Chase,8697,8981,9406,9636,10265,10419,10783,10890,11192,11740,11997,12369,12935,12971,13153,13619,14122,14614,15272,15502,15886,16411,16795,17236,17873
E07000098,Hertsmere,15032,15628,15893,16982,17711,17898,18495,19201,19926,20775,22013,22489,22417,22585,22507,23417,24996,26188,28212,28163,28781,30151,30467,29708,30800
E07000193,East Staffordshire,10283,10488,11011,11323,11888,12122,12432,12622,12915,13482,13853,14217,14548,14590,14676,15070,15714,16215,17079,17118,17571,18872,19001,18675,18761
E07000099,North Hertfordshire,12547,13037,13343,14378,15091,15239,15593,15887,16436,17239,18153,18516,19031,19017,19053,19900,21009,21724,23214,23360,23939,24863,25020,24576,25574
E07000194,Lichfield,12481,13005,13397,14119,14792,15220,15564,15710,16203,16807,17464,17993,17710,18113,18030,18330,19185,19764,21059,21041,21464,22806,22814,22341,23105
E07000102,Three Rivers,15324,16113,15947,17132,18156,18057,18533,19112,19834,20803,22110,22628,22646,23045,23052,23945,25436,26231,28155,27886,28597,28709,30063,28531,29956
E07000195,Newcastle-under-Lyme,8850,9125,9420,9780,10302,10549,10977,11164,11603,12182,12640,13176,13475,13543,13668,14099,14598,14990,15721,15646,15893,16379,16985,17024,18723
E07000103,Watford,11470,11787,12257,13089,13987,14508,14708,15021,15387,16215,17011,17098,17822,17448,17332,18060,18775,19367,20550,21153,21977,22611,23241,23148,22578
E07000196,South Staffordshire,10962,11507,11784,12339,12867,13308,13605,13791,14305,14993,15636,16171,16161,16430,16462,16832,17322,17840,19087,19065,19493,19667,20907,20468,21727
E07000105,Ashford,12651,12691,13005,13706,14111,14312,14449,15034,15372,15809,16455,16784,17182,17358,17393,17982,18733,19142,19800,20338,20634,20956,21591,21819,22451
E07000197,Stafford,10605,11003,11486,12114,12796,13077,13511,13663,14038,14642,15098,15534,15598,15745,15873,16200,16933,17540,18652,18608,18984,19554,20488,20084,20872
E07000106,Canterbury,9027,9320,9861,10554,11167,11603,11740,12203,12620,12991,13729,14115,14734,14985,15163,15541,16119,16474,17124,17357,17589,18132,18745,18767,20865
E07000198,Staffordshire Moorlands,9889,10380,10726,11078,11661,11841,12226,12587,12982,13574,14064,14568,14712,15008,15122,15466,16152,16655,17741,17727,18132,18605,18797,19046,20343
E07000107,Dartford,11534,11583,12156,12859,13402,13923,14208,14560,14826,15290,16140,16375,16724,16807,16927,17381,17917,18356,19305,20041,20402,21068,21305,21265,21742
E07000199,Tamworth,8162,8316,8803,9054,9659,9790,10284,10417,10662,11197,11401,11791,12449,12404,12629,13174,13684,14274,14875,15234,15734,16526,17379,17462,17327
E07000108,Dover,8608,8796,9310,9823,10445,10871,11165,11717,12195,12752,13427,13803,14576,14809,15102,15742,16435,16891,17712,18141,18409,19003,19573,19409,20420
E08000025,Birmingham,8714,8922,9274,9822,10178,10336,10537,10850,10854,11238,11495,11727,12016,12282,12372,12661,12979,13519,14070,14280,14434,14877,15410,15676,16183
E07000109,Gravesham,9933,10022,10411,10907,11383,11882,12139,12631,12956,13419,14123,14470,15035,15178,15436,15866,16462,16824,17665,18384,19145,19586,20816,20809,21534
E08000029,Solihull,11869,12172,12683,13464,14615,14990,15250,15630,15949,16142,16628,16842,17075,17212,17552,18079,19213,19906,21274,21413,21748,22541,23114,22271,22984
E07000110,Maidstone,12205,12285,12808,13633,14188,14360,14595,15235,15701,16215,16912,17167,17483,17526,17611,18209,19004,19366,20001,20619,21018,21869,22474,22049,22586
E08000026,Coventry,8907,8917,9327,10048,10468,10764,10838,11380,11244,11454,12071,12344,12753,12966,13100,13297,13641,13918,14249,14499,14672,15007,15211,15097,17175
E07000111,Sevenoaks,17168,17146,17426,18790,19377,19549,19770,20756,21342,22147,23402,24122,24146,24302,24530,25226,26401,27555,29568,29368,29959,30422,30802,29826,31292
E08000027,Dudley,9446,9667,10044,10439,10655,10764,10995,11466,11557,11913,12133,12249,12777,13106,13261,13753,14225,14668,15294,15497,15543,15978,16411,16510,16893
E07000112,Folkestone and Hythe,9852,10114,10574,11215,11800,12255,12497,13023,13471,13942,14694,15122,15781,16001,16201,16758,17521,17873,18849,19190,19692,19919,20327,20551,22103
E08000028,Sandwell,8078,8254,8604,9007,9241,9426,9655,9988,10064,10290,10481,10648,11050,11244,11402,11748,12014,12578,13161,13431,13599,13983,14477,14682,14614
E07000113,Swale,10247,10351,10824,11317,11748,12111,12327,12863,13287,13742,14317,14605,15096,15223,15395,15809,16437,16856,17612,18125,18564,19326,19941,19603,20308
E08000030,Walsall,8700,9000,9309,9608,9813,10068,10214,10477,10475,10704,10978,11233,11635,11810,11985,12297,12825,13397,13922,14238,14644,15155,15382,15459,16106
E07000114,Thanet,8373,8538,9025,9516,10091,10455,10841,11359,11836,12356,12944,13338,14234,14456,14753,15252,15771,16119,16618,17099,17458,18032,18618,19217,20151
E08000031,Wolverhampton,8807,9052,9467,9788,10109,10284,10467,10766,10822,11039,11391,11693,12056,12170,12243,12478,12853,13300,13818,14184,14426,14872,15314,15557,16008
E07000115,Tonbridge and Malling,14020,13838,14216,14981,15356,15569,15700,16357,16715,17243,17821,18058,18433,18474,18637,19317,20248,20864,22111,22302,22676,23672,24326,24015,24915
E07000116,Tunbridge Wells,15166,15067,15506,16367,16814,16966,17128,17977,18555,19221,19909,20051,20274,20291,20346,21028,22062,22803,24777,24738,25424,27371,28274,27156,29087
E07000200,Babergh,11046,11001,11345,12201,12649,13025,13242,13767,14375,14757,15374,16252,16822,17164,17176,17847,18392,18926,20032,20180,20666,21498,21941,21459,22450
E07000202,Ipswich,8584,8546,8998,9579,10192,10544,10917,11202,11428,11749,12047,12564,13212,13171,13185,13724,14103,14463,15104,15455,15861,16124,16843,17906,17516
E07000203,Mid Suffolk,11166,11211,11355,12325,12639,13001,13290,13796,14260,14511,14936,15748,16146,16237,16188,16733,17277,17680,18802,18951,19422,20163,20711,20064,21265
E07000244,East Suffolk,10300,10472,10751,11579,12052,12341,12707,13207,13717,14067,14638,15528,16064,16401,16543,17073,17638,18109,19265,19263,19638,20421,20204,19959,21069
E07000245,West Suffolk,9357,9407,9825,10636,11599,11920,12149,12647,13081,13445,13971,14760,15100,15125,15021,15780,16388,16644,17652,17886,18074,18963,20152,19548,20047
E07000144,Broadland,11811,11788,11945,12565,13159,13343,13528,13900,14390,14493,15356,16013,16090,16744,17154,17613,18231,18664,19982,19563,19894,20325,20730,20368,21326
E07000145,Great Yarmouth,8679,8737,8970,9241,9722,9779,10037,10321,10562,10610,11121,11647,12227,12573,12951,13589,13919,14174,14986,14667,14941,15871,16205,16923,17332
E07000148,Norwich,9024,9263,9663,10092,10651,10872,11228,11455,11763,11791,12412,12941,13368,13670,13976,14447,14718,14914,15596,15261,15412,15802,16995,16640,16980
E07000146,King's Lynn and West Norfolk,9220,9384,9755,10210,10860,10963,11209,11494,11956,11983,12636,13263,13720,14199,14579,15143,15587,15889,16459,16606,17328,17926,18906,19204,19305
E07000147,North Norfolk,9428,9556,9837,10364,11088,11440,11763,11986,12489,12686,13360,14066,14721,15566,15810,16286,16831,17167,18041,18207,18824,19876,20834,19517,20600
E07000143,Breckland,9044,9223,9373,9789,10334,10458,10766,11074,11433,11554,12136,12677,13071,13560,13886,14490,14689,15073,15822,16322,16919,17596,18156,18336,19050
E07000149,South Norfolk,11218,11390,11638,12230,12898,12963,13198,13564,14086,14290,15106,15628,15614,15959,16196,16662,16885,17322,18322,18759,19216,19586,20363,19986,21069
E07000240,St Albans,15877,16501,16818,18139,19087,19195,19592,19989,20676,21546,22792,23175,23668,23794,23672,24820,26151,27252,29060,29254,30176,31927,32917,31121,32898
E07000241,Welwyn Hatfield,12065,12496,12706,13609,14444,14797,15048,15341,15490,16020,16786,17205,17770,17605,17699,18396,19320,19912,20888,20823,21167,21469,22515,21651,23372
E07000242,East Hertfordshire,13545,13927,14342,15364,16098,16290,16664,17108,17713,18528,19532,19928,20453,20436,20573,21353,22626,23377,24848,24893,25615,26886,27509,26652,27855
E07000243,Stevenage,8891,9219,9529,10013,10745,11220,11336,11716,12091,12718,13329,13497,14495,14256,14361,15060,15798,16441,17191,17555,18207,18754,19627,19687,19990
E09000007,Camden,16073,17868,19039,20943,20917,20939,21505,23233,25651,28232,31432,34188,34131,33207,31664,33917,36959,37384,40010,40468,41311,43635,44503,41386,58604
E09000033,Westminster,21114,21992,23949,25855,26302,25993,26747,28668,30851,33719,37922,40777,41335,41146,40018,43100,46848,49359,52981,53874,53883,54307,53770,49088,67389
E09000013,Hammersmith and Fulham,20731,20866,21980,23589,23663,23135,24142,25820,27871,29886,32669,33995,33805,33000,31629,33622,37334,39532,40650,40151,40817,41880,42423,41560,44040
E07000177,Cherwell,11640,11822,12319,12942,13347,13647,13852,14508,14867,15865,16304,16566,17219,17032,17341,18113,18865,19678,21088,21308,21912,22803,24049,23596,22983
E09000020,Kensington and Chelsea,34830,34586,35752,38027,37252,36641,37558,40334,43203,48112,54718,59277,58927,57251,56448,61961,69079,73608,77185,77189,79736,84239,83412,78140,90917
E07000178,Oxford,11006,11187,11632,12325,12876,13228,13303,13792,13769,14884,15341,15615,16348,16018,16167,16969,17594,18021,19300,19618,20675,21379,22943,22576,21827
E09000032,Wandsworth,13689,15230,16907,18926,19536,19434,19983,21567,23877,25960,28955,30080,30147,29040,27711,29594,32447,34305,36271,37075,37506,39441,40603,39481,41584
E07000179,South Oxfordshire,15363,15450,15891,17131,17284,17690,18012,18845,19475,20662,21503,21874,22137,22149,22273,23164,24253,24995,27245,27103,27882,28519,30243,29444,29484
E09000012,Hackney,7356,8056,8891,9963,10579,10928,11399,12295,13329,14512,15825,16297,16718,17324,17576,18607,20080,20952,22633,23354,23645,24836,25960,26160,29655
E07000180,Vale of White Horse,13200,13529,13848,14679,14938,15325,15608,16245,16708,17842,18404,18883,19297,19221,19443,20299,21046,21937,23506,23274,23692,24239,25067,25071,25738
E09000025,Newham,5676,6199,6959,7900,8495,8818,9604,10506,11695,12744,13499,13656,13809,13824,13733,14373,15147,15497,16835,17615,18435,19609,20670,20928,22217
E07000181,West Oxfordshire,14520,14913,15223,16335,16524,16852,16961,17701,18174,19196,19797,20273,20253,20063,20390,20951,21792,22714,24719,24671,25299,26816,26782,25668,25966
E09000030,Tower Hamlets,13410,13596,14341,15286,15765,15828,16430,17263,18227,19218,20321,20612,20692,20975,20835,21680,22449,22618,24092,25148,25413,26342,27137,26422,29716
E07000187,Mendip,11542,11984,12149,12412,12956,13011,13567,14191,14704,15542,16151,16682,16502,17189,17434,17556,18150,18873,19712,19711,20262,21441,21682,21355,22291
E09000014,Haringey,13994,14250,15165,16071,16472,16681,17149,18106,19113,20156,21476,21563,21532,22210,22384,23761,24401,25492,27095,26705,27846,29194,30502,30087,31874
E07000188,Sedgemoor,10359,10569,10979,11179,11728,11843,12209,12780,13182,13860,14267,14731,14905,15387,15648,15908,16216,16671,17244,17316,17823,18945,20076,19914,20508
E09000019,Islington,16575,16694,18193,19375,19831,20246,20722,21792,22870,24473,26190,26815,26549,27086,26758,28066,28503,29323,30878,30444,30519,31973,33183,31638,37422
E07000189,South Somerset,11071,11414,11759,12157,12776,12709,13267,13862,14278,15107,15678,16233,16019,16681,16913,17077,17545,18274,19054,19062,19553,19644,20570,20131,20579
E09000023,Lewisham,8615,8911,9667,10439,10898,11192,11875,12665,13574,14557,15522,15746,15994,16595,16731,17740,18454,19380,20724,21241,22012,23020,24178,24344,25892
E09000028,Southwark,11169,11601,12446,13417,13744,14025,14747,15610,16599,17571,18777,19160,19189,19884,20026,21063,22131,23316,24839,25219,25844,27654,28324,28332,31054
E09000022,Lambeth,11084,11363,12336,13361,13677,13955,14520,15365,16329,17412,18665,19037,19133,19812,19873,20974,21958,22960,25888,27224,27379,29171,30296,30219,31534
E09000004,Bexley,11318,11393,11836,12333,13168,13397,13935,14420,14811,15185,16065,16456,16596,16923,16954,17861,18335,18844,20070,20615,20848,21668,22441,22219,23022
E09000011,Greenwich,13515,13540,14175,14807,15404,15480,15956,16435,16820,17126,18037,18374,18301,18465,18269,18877,19708,20332,21259,21684,21992,22962,24033,24100,24736
E09000002,Barking and Dagenham,8591,8821,9235,9637,10303,10671,11323,11904,12295,12645,13323,13623,13720,13739,13766,14490,14714,15032,15648,16084,16412,17418,18115,18751,18667
E09000016,Havering,10901,11318,11753,12580,13406,13645,14204,14688,15130,15511,16593,17103,17007,17524,17600,18565,19255,19451,20841,21358,21817,22900,23359,23084,23702
E09000026,Redbridge,11240,11458,11921,12692,13439,13710,14154,14742,15248,15563,16461,16842,16708,17107,16997,18015,18467,18862,20698,21080,21941,23398,23832,23696,24430
E09000031,Waltham Forest,10276,10456,11100,11719,12641,12975,13615,14127,14635,15012,15810,16017,16090,16302,16345,17402,18151,18944,20382,20969,21761,23036,23983,23996,24476
E09000010,Enfield,10610,10980,11359,12197,12968,13068,13642,14327,14879,15345,16452,16937,16883,17116,17074,18156,18723,19446,20987,21419,21562,22509,23471,23522,24595
E09000006,Bromley,13337,13899,14594,15521,16102,16312,17255,18302,19099,19606,20690,20919,20588,21059,21368,22521,23226,24293,26005,26240,26318,27766,28448,27888,29032
E09000008,Croydon,9893,10250,11024,11867,12509,12893,13685,14506,15232,15722,16691,16990,16843,17204,17378,18318,18985,19399,20826,21241,21637,23022,23833,23874,24323
E07000207,Elmbridge,21414,22160,22784,23590,24000,24180,23982,24910,26127,27773,28959,29488,29969,29940,30301,31791,33660,34393,36935,36720,37614,39047,41170,39156,41258
E09000021,Kingston upon Thames,14321,14500,15224,16161,16545,16704,17470,18274,18930,19364,20621,20935,20654,21106,21175,22001,23411,23840,25173,25512,25453,27493,27663,27358,29942
E07000208,Epsom and Ewell,15040,15789,16396,17083,17541,17871,18054,18539,19515,20889,21573,21571,21472,21590,21915,22912,23820,24246,26232,26404,26990,27522,27708,26841,27884
E09000024,Merton,15426,15794,16537,17460,17812,18122,19073,20298,21117,21601,22811,23228,22670,23354,23594,24831,26213,27108,28911,29423,29588,31247,32783,32020,32084
E07000209,Guildford,15733,16380,16845,17431,17626,18038,18237,18988,20119,21318,22323,22552,22369,22588,22639,23555,24776,25332,26831,26721,27254,28449,29184,27821,30770
E09000029,Sutton,11765,12099,12741,13642,14095,14324,15031,15851,16620,17105,18049,18335,18041,18495,18675,19706,20439,20753,22197,22494,22525,23848,24486,23787,24426
E07000210,Mole Valley,16923,17823,18185,18960,19233,19622,19416,20107,21588,22975,24055,24332,24320,24385,24771,26175,27296,27932,30255,30369,31191,32445,33188,32539,33569
E09000003,Barnet,12327,12980,13666,14722,15268,15692,16503,17118,18135,18905,20111,20719,20395,20830,20879,22338,23333,24596,27284,28019,28310,29789,30316,29661,31645
E07000211,Reigate and Banstead,14933,15716,16207,16816,17068,17488,17752,18443,19608,20920,21788,21859,21698,21583,21622,22676,23728,24238,25940,26041,26513,27183,28461,27686,28611
E09000005,Brent,10713,11140,11975,12708,13282,13811,14566,15140,16089,16527,17488,17909,18059,18349,18391,19686,20832,21835,23383,23755,24069,25528,26239,25937,25842
E07000212,Runnymede,13335,13762,14543,14729,15058,15534,15786,16471,17394,18580,19132,19334,19730,19632,20080,20598,21615,22274,23592,23498,24160,25592,25944,25527,27502
E09000009,Ealing,12668,12972,13672,14369,14974,15331,16127,16649,17322,17804,18825,19303,19283,19774,19843,21185,22622,23893,25739,25929,26073,27029,27708,28061,26673
E07000213,Spelthorne,12127,12624,13313,13629,14136,14539,14747,15232,16035,16975,17400,17490,18216,18122,18462,19277,20287,20860,22153,22787,23455,24724,25384,25483,25387
E09000015,Harrow,12539,13230,13944,14836,15525,15949,16719,17177,17880,18257,19513,20030,19479,20024,20082,21371,22756,23515,25418,25945,26460,27758,27988,27176,27535
E07000214,Surrey Heath,14646,15285,15845,16340,16759,17174,17365,17717,18610,19777,20517,20691,21005,21082,21436,22550,23885,24460,25980,26146,27023,28246,29369,28320,28728
E09000017,Hillingdon,9882,10330,11129,11796,12542,12945,13702,14322,15034,15438,16284,16699,16727,16984,16915,17771,18588,19001,20298,20663,20808,21628,22374,22102,22994
E07000215,Tandridge,15103,15657,16181,16535,16859,17383,17744,18285,19386,20788,21655,21916,21837,22080,22326,23308,24409,24942,26843,26831,27334,28893,29720,28322,29703
E09000018,Hounslow,13998,14202,14866,15543,16117,16420,17286,17737,18269,18624,19205,19523,19370,19393,19170,20403,21305,22012,23702,23390,23678,25010,26164,26043,25174
E07000216,Waverley,16862,17485,18052,18673,19015,19406,19468,20131,21441,22926,23882,24196,24151,24396,24717,25912,27316,28111,30227,30151,30672,32604,32816,32095,33400
E09000027,Richmond upon Thames,20837,21184,22011,23403,23827,23892,24517,25147,26141,27169,29168,30132,29885,30407,30391,32434,34319,35603,38633,37922,38229,41082,42251,40390,42567
E07000217,Woking,14934,15577,16288,16915,17179,17702,17926,18540,19497,20563,21104,21195,21373,21304,21346,22519,23738,24604,26418,26597,27672,28452,28971,28078,28088
E07000223,Adur,8860,9319,9701,10215,10960,11159,11412,11850,12530,13015,13483,13673,14323,14535,14945,15581,16233,16526,17659,18196,18789,19285,19945,19920,20552
E07000224,Arun,10990,11504,11689,12299,13061,13235,13484,13868,14525,15082,15748,16018,16470,16868,17172,17773,18621,18807,20048,20409,20946,21591,21583,21502,21849
E07000225,Chichester,14181,14638,14660,15803,16499,16785,17081,17875,18754,19452,20251,20472,20386,20782,21101,21693,22860,23379,24958,25086,25596,26321,27232,26191,26683
E07000226,Crawley,10925,10945,11270,11641,12204,12520,12873,13352,13703,14083,14457,14564,15103,14957,15252,15705,16446,16686,17219,17947,18554,19805,20470,19779,18927
E07000227,Horsham,16417,16615,16730,17568,17996,18235,18362,18959,19723,20345,21106,21390,21291,21619,21999,22624,23729,24164,25295,25477,25883,26905,27437,26665,27234
E07000228,Mid Sussex,15590,15599,15831,16795,17411,17499,17754,18346,19008,19505,20146,20200,20220,20321,20548,21111,22069,22382,23453,24024,24508,25187,26310,25653,25983
E07000229,Worthing,9857,10363,10672,11279,11999,12290,12545,12922,13493,14096,14563,14730,15313,15503,15773,16384,17107,17518,18644,19026,19697,20840,21224,21239,21774
E07000246,Somerset West and Taunton,10022,10307,10650,10856,11368,11570,11949,12418,12918,13609,14050,14503,14748,15354,15633,15929,16415,17054,17620,17695,18114,18836,19757,19677,20220
W06000001,Isle of Anglesey,9462,9713,9910,10320,10537,10756,11321,12021,12165,12244,12753,13528,13830,14060,14333,14732,15260,15481,15939,15997,16389,16854,17072,17154,18046
N09000001,Antrim and Newtownabbey,9152,9143,9487,10167,10368,10923,11354,11913,12360,12871,13382,13703,13796,13892,14261,14591,15240,15750,16045,15928,16420,16756,17492,17468,17960
W06000002,Gwynedd,8710,8757,9224,9493,10096,10461,10745,11342,11693,12336,12489,12598,12843,13035,13132,13399,13750,14232,14659,14670,15006,15343,15707,15763,17430
N09000002,"Armagh City, Banbridge and Craigavon",8455,8501,8817,9055,9321,9858,10387,11102,11669,12441,12812,12922,12959,13236,13471,13479,14200,14969,15416,15220,15589,15900,16473,16453,17216
W06000003,Conwy,10358,10418,10716,11122,11570,11942,12316,12665,13258,13340,13569,14172,14138,14408,14760,15209,15467,15837,16183,16180,16674,17383,17926,17829,18975
N09000003,Belfast,9676,9760,10060,10547,10828,11243,11392,11759,12039,12535,12680,13265,13550,13690,13859,14105,14648,14811,15123,15215,15605,16167,16726,16773,17507
W06000004,Denbighshire,10003,9992,10127,10502,10939,11327,11674,12215,12772,12984,13364,14048,13968,14253,14730,15146,15399,15722,16248,16238,16696,17340,17201,17228,17786
N09000004,Causeway Coast and Glens,6949,6907,7247,7643,8134,8876,9382,9992,10860,11428,11466,11338,11751,12168,12671,12814,13331,13799,14914,15437,16041,16321,16876,16509,16918
W06000008,Ceredigion,8335,8415,8393,8403,8818,9181,9751,10090,10586,11409,11549,12242,12449,12794,13076,13243,13545,13958,14459,14674,15213,15888,16448,16502,17824
N09000005,Derry City and Strabane,6929,6921,7267,7589,7971,8700,9297,10017,10874,11395,11546,11487,11701,12127,12454,12699,13192,13614,13776,14016,14382,14603,15378,15610,16572
W06000009,Pembrokeshire,9494,9558,9864,9920,10358,10912,11385,11784,12298,12962,13093,13625,13740,14127,14336,14851,15132,15450,15821,15851,16184,16762,17111,17086,18109
N09000006,Fermanagh and Omagh,7518,7558,7935,8206,8475,8896,9729,10549,11281,11937,12073,12007,12101,12326,12627,12760,13084,13423,14279,14672,15158,15410,16193,16252,17132
W06000010,Carmarthenshire,8864,9013,9299,9337,9813,10180,10647,11030,11719,12368,12630,13231,13348,13603,13970,14536,14768,15112,15438,15504,15742,16296,16665,16735,17419
N09000007,Lisburn and Castlereagh,9215,9182,9568,10360,10640,11162,11662,12194,12717,13127,13636,13952,14030,14159,14366,14891,15706,16137,17349,17747,18172,18731,19154,18936,19223
W06000016,Rhondda Cynon Taf,7877,7748,8152,8823,9469,9875,10157,10694,11042,11317,11742,12115,12197,12470,12656,13024,13328,13623,14053,14146,14675,15262,15765,15968,16694
N09000008,Mid and East Antrim,9088,9123,9420,10031,10062,10635,11139,11731,12226,12881,13309,13611,13754,13910,14186,14512,15159,15843,16475,16592,16921,17393,17755,17190,17767
W06000024,Merthyr Tydfil,8486,8265,8670,9428,10069,10414,10767,11455,11890,12071,12511,12751,12580,12760,12785,13165,13526,13844,14234,14225,14687,15146,15145,15304,16043
N09000009,Mid Ulster,7583,7617,7983,8369,8541,8967,9762,10580,11235,11850,11998,11881,11929,12147,12485,12554,13071,13739,14339,14863,15899,16354,17042,16834,17495
W06000018,Caerphilly,9337,9288,9755,10563,10753,10817,11360,11752,11840,11891,12366,12652,12492,12704,12929,13416,13806,13965,14514,14779,15099,15466,16281,16405,17411
N09000010,"Newry, Mourne and Down",8281,8355,8657,9051,9215,9710,10326,10954,11702,12410,12569,12648,12738,12915,13292,13365,13902,14277,14413,14776,15316,15814,16444,16477,17275
W06000019,Blaenau Gwent,7291,7288,7814,8337,8698,8874,9208,9726,9889,9847,10263,10561,10736,10903,11045,11480,11706,12003,12397,12694,13002,13572,13612,14038,14884
N09000011,Ards and North Down,9344,9359,9686,10225,10495,11073,11481,11977,12509,13108,13521,13877,14030,14242,14571,14851,15585,15811,16244,16716,17377,17786,18585,18487,19108
W06000020,Torfaen,8591,8607,9162,9838,10139,10325,10882,11280,11353,11417,11953,12290,12261,12564,12843,13297,13686,13866,14393,14706,14990,15917,16242,16413,17117
S12000005,Clackmannanshire,9314,9634,10043,10558,11072,11642,12320,12995,13284,13376,14102,14698,15268,15582,15828,16448,17154,17562,18026,18270,18579,18806,19861,19294,19695
W06000012,Neath Port Talbot,9282,9399,9640,10391,10765,10668,11083,11515,11777,12135,12750,13171,13156,13381,13408,13849,14369,14709,15146,15180,15719,15714,16510,16638,17181
S12000006,Dumfries and Galloway,9134,9329,9492,9872,10201,10609,11152,11643,11746,12485,13237,13968,14452,14737,14879,15325,15799,16133,16779,17088,17300,17587,18378,18442,19172
W06000013,Bridgend,9922,9919,10178,10897,11139,11104,11468,11905,12066,12355,12723,13093,13082,13181,13252,13765,14177,14522,14862,14890,15430,16372,16439,16816,17177
S12000008,East Ayrshire,8815,8920,9018,9764,10390,10899,11226,11909,12321,12770,13535,13704,13786,14297,14400,14556,15296,15596,15956,16035,16309,16408,17077,17042,17429
W06000011,Swansea,9321,9403,9849,10176,10891,11152,11433,11799,11829,12166,12414,13420,13492,13268,13313,13727,13871,14595,14898,14713,15169,15715,16197,16670,17772
S12000010,East Lothian,11069,11346,11851,12345,12534,12714,13636,14695,15286,15677,16294,16846,16857,17663,17996,18246,19235,19864,20555,20446,20825,21270,22650,22493,23135
W06000021,Monmouthshire,11275,11347,12080,13374,13716,14337,14505,14464,14952,15484,16531,17059,16231,16754,17136,17523,17622,18453,19173,19408,20059,20900,22151,21609,22720
S12000011,East Renfrewshire,14354,14449,14670,15579,16074,16200,16442,17110,17860,18621,19367,20247,20020,20198,20041,20350,21506,21717,23086,22740,22871,23412,22562,22338,23028
W06000022,Newport,8766,8619,9347,9943,10432,10812,11136,11536,11877,12265,12961,13420,13247,13340,13641,14181,14323,14902,15355,15657,15923,16703,16799,17070,17154
S12000013,Na h-Eileanan Siar,8485,8734,8714,9035,9635,10195,10474,10773,11344,11137,12237,12761,13180,13672,13770,13906,14243,14784,16028,16011,16462,17459,18491,18276,18594
W06000014,Vale of Glamorgan,10573,10723,11303,11792,12033,12325,12949,13454,13704,14388,14808,15543,15678,16085,16342,16567,16896,17353,18206,18142,18876,20028,20640,20689,21923
S12000014,Falkirk,8726,8868,9492,9802,10443,10801,11299,11748,12118,12843,13531,14050,13934,13865,14373,14962,15391,15491,15924,16384,17060,17805,18291,18006,18236
W06000015,Cardiff,9591,9811,10308,10856,11276,11701,12123,12501,12596,13158,13414,13899,13950,14146,14324,14520,14659,15014,15529,15475,16115,16831,17110,17491,18536
S12000017,Highland,9447,9586,9806,10219,10822,11244,11517,11861,12196,13194,13700,15128,15445,15776,15711,16345,17038,17243,17877,18082,18423,18959,19713,19523,19987
W06000005,Flintshire,9539,9506,9961,10748,11060,11312,11728,12249,12470,12790,13045,13498,13575,13974,14497,14948,15416,15995,16710,16909,17419,18270,18635,18719,19212
S12000018,Inverclyde,8378,8532,8943,9548,10237,10316,10626,10971,11407,11911,12430,13129,13430,13555,13802,14298,14817,15174,16010,16172,16536,17122,17965,17737,18127
W06000006,Wrexham,9624,9615,9995,10932,11175,11435,11965,12544,12774,13031,13383,13798,13570,13885,14272,14605,15056,15610,16381,16561,17040,16983,17164,17268,17661
S12000019,Midlothian,8768,8947,9474,9790,10152,10567,11532,12501,13098,13736,14260,14894,15345,15957,16273,16574,17555,18008,18375,18492,18422,19090,19116,19434,19880
W06000023,Powys,9068,8955,9563,10275,10630,10865,11345,12135,12559,13064,13298,13936,14049,14645,14734,15104,15334,15587,16008,16083,16984,17644,18303,18361,19113
S12000020,Moray,7750,7910,8213,8473,8906,9163,9316,9619,9800,10938,11891,13980,14045,14305,14164,14856,15333,15713,16260,16372,16891,17577,18392,18255,18438
S12000033,Aberdeen City,10090,10258,10238,10912,11600,12098,12538,13661,14578,15411,16410,17157,17470,17747,18509,19218,20395,20945,20874,19914,20021,20211,20865,20231,20520
S12000021,North Ayrshire,8056,8117,8247,8807,9445,9978,10309,10843,11217,11681,12335,12624,12994,13567,13643,13988,14714,14986,15459,15544,15803,16544,16945,17060,17332
S12000034,Aberdeenshire,11716,11875,11714,12419,13022,13369,13524,14369,15361,16092,17063,17937,18320,18790,19646,20286,21598,22033,22152,20903,20982,21881,22445,21995,22354
S12000023,Orkney Islands,7687,8334,8899,8577,9179,9426,9598,10698,10843,11985,13236,14073,15004,15792,16438,16889,17251,17341,17315,17385,17672,18142,18787,18804,19531
S12000026,Scottish Borders,9313,9719,9900,10506,10916,11370,12294,12931,13507,14142,14701,15302,15554,15980,16193,16168,16889,17749,18151,18404,18739,18968,19942,19975,20649
S12000027,Shetland Islands,9164,8962,9256,10408,10301,10365,10863,11622,12069,13052,13555,14862,16304,16495,16458,16946,17678,18696,19587,19663,19586,19701,20819,20644,21045
S12000028,South Ayrshire,9382,9542,9968,10411,11079,11487,12213,12908,13208,13964,14296,14956,15235,15729,16089,16595,17199,17473,17810,17878,18037,18416,18705,18648,19134
S12000035,Argyll and Bute,7872,8075,8367,9116,9627,10132,10457,10948,11597,12349,12928,13905,14540,15116,15057,15766,15851,16022,16748,17128,17555,18531,19687,19627,20086
S12000029,South Lanarkshire,9668,9935,10307,10839,11099,11815,11972,12553,13142,13449,14129,14601,14763,15158,15446,15811,16163,16360,17107,17224,17751,18406,19009,19183,19577
S12000030,Stirling,11388,11577,11525,11985,12713,12544,13176,14539,14836,15817,16501,16846,16897,17015,17765,18147,18622,18804,19216,19248,19564,19893,20517,20077,20561
S12000041,Angus,10823,10909,11137,12080,12729,13193,13217,13657,13764,14156,15059,15992,15747,15806,16082,16445,17311,17822,18425,18499,18627,19140,19438,19009,19398
S12000042,Dundee City,7976,8176,8582,9021,9658,10113,10328,10793,10836,11328,12013,12883,13003,12837,13126,13445,14074,14389,14604,14743,14898,15360,16351,16479,16816
S12000036,City of Edinburgh,11761,12146,12729,13436,14137,14627,15126,15777,16328,17233,17749,18096,18130,18264,18810,19497,19858,20163,20915,21170,21707,22543,23861,23360,24161
S12000038,Renfrewshire,9213,9388,9907,10512,11299,11383,11687,11936,12358,12905,13401,14032,14436,14348,14515,14921,15472,15818,16557,16687,17040,17547,18367,18360,18620
S12000047,Fife,8896,9217,9539,10026,10429,10913,11213,11788,12071,12165,13143,13749,13942,14182,14356,14736,15387,15682,16335,16589,16986,17270,17756,17851,18299
S12000039,West Dunbartonshire,6926,7192,8359,8752,9218,9484,9890,10225,10532,11140,11381,11896,12386,12568,12855,13417,13630,13877,14301,14535,15302,16132,16734,16639,16978
S12000040,West Lothian,8417,8692,9338,10198,10799,11326,11861,12141,12299,13040,14217,14175,13937,14282,14510,14896,15472,15998,16438,16853,17366,17907,18233,18265,18584
S12000045,East Dunbartonshire,11327,11600,12726,13782,14161,14824,15101,15592,16327,17141,17867,18804,18766,19160,19481,19626,20236,20446,21601,21968,22689,23397,23332,22829,23442
S12000048,Perth and Kinross,10962,11203,11205,11783,12523,12473,13047,14233,14591,15608,16070,16170,16214,16397,17218,17513,18116,18274,18861,18944,19362,20113,20934,20746,21110
S12000049,Glasgow City,8885,9036,9499,10119,10565,10959,11425,11801,11999,12621,13352,13578,13768,13735,13823,14182,14393,14805,15202,15467,15699,15958,16573,16710,17215
S12000050,North Lanarkshire,8726,8873,9214,9781,10251,10606,10931,11293,11704,11957,12728,13256,13344,13487,13712,14063,14561,15225,15623,16022,16261,16645,17084,17096,17403
UK,UK,10592,10812,11294,11880,12343,12633,13022,13548,14031,14609,15297,15685,15951,16132,16297,16871,17544,18073,19041,19249,19694,20445,21104,20907,21679
